-- MySQL dump 10.13  Distrib 8.0.23, for osx10.16 (x86_64)
--
-- Host: localhost    Database: vk
-- ------------------------------------------------------
-- Server version	8.0.23

/*!40101 SET @OLD_CHARACTER_SET_CLIENT=@@CHARACTER_SET_CLIENT */;
/*!40101 SET @OLD_CHARACTER_SET_RESULTS=@@CHARACTER_SET_RESULTS */;
/*!40101 SET @OLD_COLLATION_CONNECTION=@@COLLATION_CONNECTION */;
/*!50503 SET NAMES utf8mb4 */;
/*!40103 SET @OLD_TIME_ZONE=@@TIME_ZONE */;
/*!40103 SET TIME_ZONE='+00:00' */;
/*!40014 SET @OLD_UNIQUE_CHECKS=@@UNIQUE_CHECKS, UNIQUE_CHECKS=0 */;
/*!40014 SET @OLD_FOREIGN_KEY_CHECKS=@@FOREIGN_KEY_CHECKS, FOREIGN_KEY_CHECKS=0 */;
/*!40101 SET @OLD_SQL_MODE=@@SQL_MODE, SQL_MODE='NO_AUTO_VALUE_ON_ZERO' */;
/*!40111 SET @OLD_SQL_NOTES=@@SQL_NOTES, SQL_NOTES=0 */;

--
-- Table structure for table `communities`
--

DROP TABLE IF EXISTS `communities`;
/*!40101 SET @saved_cs_client     = @@character_set_client */;
/*!50503 SET character_set_client = utf8mb4 */;
CREATE TABLE `communities` (
  `id` int unsigned NOT NULL AUTO_INCREMENT COMMENT 'Идентификатор сроки',
  `name` varchar(150) NOT NULL COMMENT 'Название группы',
  `created_at` datetime DEFAULT CURRENT_TIMESTAMP COMMENT 'Время создания строки',
  `updated_at` datetime DEFAULT CURRENT_TIMESTAMP ON UPDATE CURRENT_TIMESTAMP COMMENT 'Время обновления строки',
  PRIMARY KEY (`id`),
  UNIQUE KEY `name` (`name`)
) ENGINE=InnoDB AUTO_INCREMENT=101 DEFAULT CHARSET=utf8mb4 COLLATE=utf8mb4_0900_ai_ci COMMENT='Группы';
/*!40101 SET character_set_client = @saved_cs_client */;

--
-- Dumping data for table `communities`
--

LOCK TABLES `communities` WRITE;
/*!40000 ALTER TABLE `communities` DISABLE KEYS */;
INSERT INTO `communities` VALUES (1,'molestiae','2009-05-04 08:19:44','1993-05-31 02:28:35'),(2,'quia','1988-08-02 04:56:41','1980-08-01 23:35:19'),(3,'sint','2006-02-25 04:13:22','2003-11-06 13:17:24'),(4,'alias','1980-01-29 15:10:16','2018-09-19 03:53:25'),(5,'eveniet','1985-07-21 21:06:47','1999-09-28 11:40:37'),(6,'quaerat','1981-10-19 06:37:34','1989-10-31 22:36:12'),(7,'est','1973-08-14 22:06:42','2009-09-09 21:14:18'),(8,'asperiores','1974-04-22 02:21:50','1980-04-18 23:32:54'),(9,'ab','1995-11-29 15:31:44','1989-02-04 09:11:20'),(10,'qui','1982-04-12 22:58:40','1975-06-21 13:59:35'),(11,'ut','1977-02-14 06:10:28','2011-12-22 08:34:05'),(12,'ea','1989-11-15 19:46:31','1987-04-21 22:21:15'),(13,'labore','1976-03-10 04:36:32','2019-03-12 11:52:26'),(14,'laboriosam','2004-09-25 02:35:51','1971-04-27 08:40:38'),(15,'doloribus','1994-02-18 14:49:26','2013-07-23 02:07:45'),(16,'sapiente','1995-11-19 11:45:20','1997-07-02 10:57:15'),(17,'consequatur','2011-06-29 07:26:08','1996-04-03 03:03:18'),(18,'sed','1971-06-06 01:36:10','1977-04-01 02:11:51'),(19,'cum','1978-04-17 03:09:08','1989-02-28 11:20:49'),(20,'laborum','1976-09-18 12:58:52','1994-03-09 02:10:35'),(21,'voluptatem','1995-10-24 08:58:20','1994-12-03 07:49:22'),(22,'et','2010-11-23 18:20:00','1976-07-31 02:28:27'),(23,'provident','1982-04-23 18:28:12','2015-01-08 13:30:08'),(24,'facilis','1988-01-18 04:56:19','2009-08-17 07:33:39'),(25,'suscipit','1995-02-09 14:54:03','1992-10-01 12:01:08'),(26,'dolorum','1986-12-30 07:55:50','1998-03-11 21:15:51'),(27,'non','1997-04-04 13:12:44','1977-11-06 08:04:14'),(28,'voluptas','2000-10-31 11:27:56','1995-05-07 16:07:42'),(29,'voluptatum','2015-09-27 11:41:13','1986-07-12 22:02:28'),(30,'inventore','2017-03-08 01:52:30','2017-09-13 07:37:44'),(31,'expedita','1975-09-14 23:26:09','1975-04-24 22:41:30'),(32,'aut','2019-08-14 23:38:39','2000-12-27 14:13:32'),(33,'ullam','1991-07-26 23:05:11','1975-01-10 03:03:52'),(34,'molestias','1978-04-07 06:24:48','1998-11-05 22:07:07'),(35,'dolores','2020-11-12 11:55:46','2008-08-04 19:53:35'),(36,'dicta','2001-05-28 22:48:24','1996-03-15 00:49:41'),(37,'omnis','2019-01-24 11:04:57','2000-06-27 17:05:19'),(38,'sit','1994-04-30 10:44:22','1971-01-21 07:11:29'),(39,'consectetur','2003-12-02 22:40:13','1980-08-17 20:06:23'),(40,'in','1970-11-09 20:45:20','2003-12-13 08:14:26'),(41,'ad','2000-12-06 23:40:56','1996-12-25 16:59:51'),(42,'adipisci','1989-10-22 22:08:33','1972-08-26 16:23:13'),(43,'vitae','2006-06-20 06:53:22','1999-05-20 01:16:41'),(44,'placeat','2013-01-20 09:02:30','1990-04-29 03:21:29'),(45,'voluptate','2002-05-23 07:59:37','1973-02-22 15:21:37'),(46,'error','1988-11-20 02:58:35','1984-10-27 03:43:29'),(47,'voluptatibus','2002-05-05 07:10:08','2018-06-06 09:49:57'),(48,'esse','2000-10-10 12:02:36','2021-03-25 00:02:45'),(49,'pariatur','1998-08-10 06:21:22','1975-06-10 13:13:09'),(50,'excepturi','1989-08-19 15:34:57','1978-08-06 01:44:43'),(51,'laudantium','2006-04-11 16:17:55','2000-05-18 05:27:58'),(52,'tempore','2015-02-26 09:05:50','2021-03-27 00:25:31'),(53,'temporibus','2012-12-30 15:31:05','2008-07-19 03:39:49'),(54,'iure','1977-02-11 05:25:19','2009-01-24 06:29:11'),(55,'officiis','2002-09-18 15:43:40','1993-01-20 06:11:06'),(56,'debitis','2014-04-04 01:15:27','1989-11-15 02:41:48'),(57,'repellendus','2012-04-02 22:19:39','2000-10-06 20:49:18'),(58,'rerum','2017-02-24 06:50:36','1994-04-19 20:47:24'),(59,'ducimus','2010-07-22 13:05:11','1990-11-29 08:06:40'),(60,'delectus','2014-04-11 23:05:47','1989-08-04 16:19:30'),(61,'velit','2005-04-30 03:54:02','1971-06-03 03:34:45'),(62,'saepe','1976-07-14 22:15:12','1991-03-26 03:25:03'),(63,'illum','2016-08-19 12:30:00','1987-06-09 09:15:37'),(64,'magni','1973-02-09 06:13:34','1978-12-28 23:36:41'),(65,'enim','1999-02-11 09:23:27','1980-01-01 14:16:46'),(66,'magnam','1978-06-25 16:03:20','1977-03-02 09:01:07'),(67,'unde','2006-04-08 01:58:10','2017-12-31 22:02:14'),(68,'deleniti','1994-06-29 05:43:00','1987-07-31 22:49:09'),(69,'distinctio','2016-06-04 06:01:01','2011-03-15 08:50:35'),(70,'sequi','2019-09-18 13:45:29','2005-06-06 12:36:29'),(71,'repellat','2002-05-17 15:01:29','1999-05-08 22:51:28'),(72,'nisi','1989-08-15 13:33:51','1981-04-17 01:26:25'),(73,'aperiam','1990-06-17 09:32:51','2009-04-16 05:57:23'),(74,'vero','2016-02-20 23:21:30','2008-09-23 22:16:25'),(75,'quisquam','2007-01-17 07:21:01','1998-11-03 23:20:17'),(76,'nesciunt','1984-09-22 02:52:50','1994-11-04 19:56:07'),(77,'optio','1978-05-20 10:36:06','1993-11-23 23:28:36'),(78,'nihil','2012-09-16 03:27:24','1991-03-23 04:20:26'),(79,'eum','1977-03-10 15:17:43','2013-03-25 11:50:46'),(80,'totam','2007-10-09 01:18:25','1978-02-26 06:57:27'),(81,'recusandae','1981-01-24 19:25:33','1983-04-20 08:54:29'),(82,'rem','1973-07-28 07:41:21','2010-07-27 13:59:29'),(83,'quidem','1984-09-01 03:58:24','1975-08-22 17:04:28'),(84,'sunt','2012-12-17 13:17:55','1975-08-22 09:52:01'),(85,'a','1997-01-28 22:16:15','2016-07-02 17:35:50'),(86,'ratione','1975-02-09 15:26:35','2016-02-24 12:36:56'),(87,'fugit','2002-07-20 15:56:08','1973-02-24 16:41:31'),(88,'quod','2009-09-05 19:04:33','1978-02-22 23:31:36'),(89,'maiores','1971-09-25 15:53:38','1993-11-02 13:17:29'),(90,'vel','2003-07-11 17:20:42','1999-07-13 23:36:36'),(91,'eligendi','2017-08-08 10:19:54','1971-05-20 23:07:52'),(92,'animi','2009-02-11 07:06:57','1984-09-22 21:09:40'),(93,'porro','2007-06-25 09:53:48','2001-08-17 03:09:51'),(94,'repudiandae','1992-01-12 04:37:20','1974-07-30 02:00:15'),(95,'harum','2008-04-29 19:20:01','1978-06-14 09:19:14'),(96,'nemo','1998-10-07 22:08:03','2017-08-11 16:18:28'),(97,'officia','1990-01-13 11:26:48','2000-09-01 19:41:45'),(98,'praesentium','2013-12-02 09:57:20','1998-11-02 13:30:08'),(99,'voluptates','2018-02-21 22:13:27','2006-09-04 14:38:47'),(100,'doloremque','2006-01-18 00:05:45','2017-02-07 09:41:28');
/*!40000 ALTER TABLE `communities` ENABLE KEYS */;
UNLOCK TABLES;

--
-- Table structure for table `communities_users`
--

DROP TABLE IF EXISTS `communities_users`;
/*!40101 SET @saved_cs_client     = @@character_set_client */;
/*!50503 SET character_set_client = utf8mb4 */;
CREATE TABLE `communities_users` (
  `community_id` int unsigned NOT NULL COMMENT 'Ссылка на группу',
  `user_id` int unsigned NOT NULL COMMENT 'Ссылка на пользователя',
  `created_at` datetime DEFAULT CURRENT_TIMESTAMP COMMENT 'Время создания строки',
  PRIMARY KEY (`community_id`,`user_id`) COMMENT 'Составной первичный ключ',
  KEY `fk_communities_user` (`user_id`),
  CONSTRAINT `fk_commynity_id` FOREIGN KEY (`community_id`) REFERENCES `communities` (`id`)
) ENGINE=InnoDB DEFAULT CHARSET=utf8mb4 COLLATE=utf8mb4_0900_ai_ci COMMENT='Участники групп, связь между пользователями и группами';
/*!40101 SET character_set_client = @saved_cs_client */;

--
-- Dumping data for table `communities_users`
--

LOCK TABLES `communities_users` WRITE;
/*!40000 ALTER TABLE `communities_users` DISABLE KEYS */;
INSERT INTO `communities_users` VALUES (1,1,'2001-11-04 09:25:09'),(2,2,'1981-10-03 13:37:23'),(3,3,'1979-01-17 15:00:09'),(4,4,'2012-03-09 06:45:04'),(5,5,'2019-09-01 07:42:47'),(6,6,'2010-09-07 01:58:56'),(7,7,'1974-04-30 14:40:51'),(8,8,'1978-12-09 07:26:57'),(9,9,'2005-03-02 17:33:58'),(10,10,'1992-02-22 23:23:05'),(11,11,'1972-03-27 02:57:39'),(12,12,'2015-04-06 16:10:02'),(13,13,'2020-01-13 16:40:25'),(14,14,'2009-11-12 10:28:49'),(15,15,'1977-09-16 03:54:57'),(16,16,'2001-09-27 20:55:54'),(17,17,'1998-10-04 08:20:10'),(18,18,'1982-12-20 14:46:21'),(19,19,'2002-05-12 07:23:36'),(20,20,'1999-04-09 21:55:51'),(21,21,'1979-02-26 08:59:43'),(22,22,'2007-03-02 15:32:46'),(23,23,'2015-12-05 09:48:29'),(24,24,'1991-10-21 21:04:54'),(25,25,'1973-09-24 23:32:59'),(26,26,'2008-11-07 00:35:10'),(27,27,'1977-06-18 11:43:00'),(28,28,'1993-09-15 01:00:10'),(29,29,'1981-09-07 04:15:38'),(30,30,'2000-08-11 10:06:46'),(31,31,'2002-09-01 00:08:17'),(32,32,'1994-08-09 22:16:54'),(33,33,'1986-03-24 01:56:29'),(34,34,'1988-12-03 08:26:07'),(35,35,'1971-09-11 06:25:32'),(36,36,'2008-09-07 15:26:20'),(37,37,'1974-07-11 12:02:54'),(38,38,'1995-03-09 13:22:10'),(39,39,'1988-08-10 14:35:45'),(40,40,'1989-01-20 02:33:27'),(41,41,'2007-08-10 00:39:12'),(42,42,'2019-09-29 23:02:28'),(43,43,'1971-01-31 13:48:52'),(44,44,'1997-09-12 14:42:15'),(45,45,'1975-06-18 20:10:18'),(46,46,'2012-04-03 05:31:02'),(47,47,'1983-09-24 22:12:24'),(48,48,'1976-10-15 17:49:38'),(49,49,'1985-06-26 10:45:33'),(50,50,'1984-10-17 04:12:16'),(51,51,'1972-06-18 17:14:16'),(52,52,'2014-04-13 18:13:35'),(53,53,'1981-12-25 03:41:29'),(54,54,'1990-02-16 22:57:36'),(55,55,'1990-10-15 19:41:02'),(56,56,'1970-12-31 14:00:22'),(57,57,'1992-01-25 02:06:33'),(58,58,'2013-08-10 16:14:06'),(59,59,'2002-06-25 18:58:49'),(60,60,'2019-08-22 01:13:14'),(61,61,'1979-08-28 04:24:16'),(62,62,'1987-05-25 13:42:54'),(63,63,'1978-06-14 01:09:03'),(64,64,'1995-12-30 13:49:01'),(65,65,'2020-03-23 03:40:35'),(66,66,'1988-03-20 18:50:35'),(67,67,'2001-07-10 23:44:29'),(68,68,'1973-12-21 04:09:09'),(69,69,'2001-06-13 03:45:17'),(70,70,'2019-07-28 10:42:51'),(71,71,'2002-04-01 02:08:19'),(72,72,'1991-12-24 08:17:56'),(73,73,'2003-07-02 12:15:52'),(74,74,'2020-06-09 03:40:07'),(75,75,'1975-04-08 00:09:52'),(76,76,'2016-11-26 02:50:45'),(77,77,'2018-08-27 10:40:19'),(78,78,'1983-04-20 05:34:16'),(79,79,'2012-02-20 04:44:14'),(80,80,'1976-12-16 17:07:55'),(81,81,'1991-09-24 07:16:11'),(82,82,'2004-02-07 09:43:07'),(83,83,'1981-06-08 12:03:12'),(84,84,'1995-09-24 02:18:13'),(85,85,'2012-07-14 23:46:19'),(86,86,'2010-01-17 14:44:39'),(87,87,'1997-05-20 16:37:59'),(88,88,'2010-12-05 23:57:51'),(89,89,'1990-03-12 23:06:44'),(90,90,'2006-09-30 05:44:43'),(91,91,'1996-05-02 01:20:50'),(92,92,'1975-04-22 17:28:30'),(93,93,'1994-03-04 08:46:04'),(94,94,'1999-01-18 14:00:55'),(95,95,'1986-03-31 09:33:37'),(96,96,'1974-06-17 10:34:38'),(97,97,'2003-04-12 17:59:50'),(98,98,'1973-06-30 20:46:15'),(99,99,'1990-03-23 11:52:46'),(100,100,'2001-11-29 22:25:19');
/*!40000 ALTER TABLE `communities_users` ENABLE KEYS */;
UNLOCK TABLES;

--
-- Table structure for table `entity_types`
--

DROP TABLE IF EXISTS `entity_types`;
/*!40101 SET @saved_cs_client     = @@character_set_client */;
/*!50503 SET character_set_client = utf8mb4 */;
CREATE TABLE `entity_types` (
  `id` int unsigned NOT NULL AUTO_INCREMENT COMMENT 'Идентификатор строки',
  `name` varchar(255) NOT NULL COMMENT 'Название типа',
  `created_at` datetime DEFAULT CURRENT_TIMESTAMP COMMENT 'Время создания строки',
  `updated_at` datetime DEFAULT CURRENT_TIMESTAMP ON UPDATE CURRENT_TIMESTAMP COMMENT 'Время обновления строки',
  PRIMARY KEY (`id`),
  UNIQUE KEY `name` (`name`)
) ENGINE=InnoDB DEFAULT CHARSET=utf8mb4 COLLATE=utf8mb4_0900_ai_ci COMMENT='Типы сущностей';
/*!40101 SET character_set_client = @saved_cs_client */;

--
-- Dumping data for table `entity_types`
--

LOCK TABLES `entity_types` WRITE;
/*!40000 ALTER TABLE `entity_types` DISABLE KEYS */;
/*!40000 ALTER TABLE `entity_types` ENABLE KEYS */;
UNLOCK TABLES;

--
-- Table structure for table `friendship`
--

DROP TABLE IF EXISTS `friendship`;
/*!40101 SET @saved_cs_client     = @@character_set_client */;
/*!50503 SET character_set_client = utf8mb4 */;
CREATE TABLE `friendship` (
  `user_id` int unsigned NOT NULL COMMENT 'Ссылка на инициатора дружеских отношений',
  `friend_id` int unsigned NOT NULL COMMENT 'Ссылка на получателя приглашения дружить',
  `friendship_status_id` int unsigned NOT NULL COMMENT 'Ссылка на статус (текущее состояние) отношений',
  `requested_at` datetime DEFAULT CURRENT_TIMESTAMP COMMENT 'Время отправления приглашения дружить',
  `confirmed_at` datetime DEFAULT NULL COMMENT 'Время подтверждения приглашения',
  `created_at` datetime DEFAULT CURRENT_TIMESTAMP COMMENT 'Время создания строки',
  `updated_at` datetime DEFAULT CURRENT_TIMESTAMP ON UPDATE CURRENT_TIMESTAMP COMMENT 'Время обновления строки',
  PRIMARY KEY (`user_id`,`friend_id`) COMMENT 'Составной первичный ключ',
  KEY `fk_friendship_users_2` (`friend_id`),
  KEY `fk_friendship_status` (`friendship_status_id`),
  CONSTRAINT `fk_friendship_status` FOREIGN KEY (`friendship_status_id`) REFERENCES `friendship_statuses` (`id`)
) ENGINE=InnoDB DEFAULT CHARSET=utf8mb4 COLLATE=utf8mb4_0900_ai_ci COMMENT='Таблица дружбы';
/*!40101 SET character_set_client = @saved_cs_client */;

--
-- Dumping data for table `friendship`
--

LOCK TABLES `friendship` WRITE;
/*!40000 ALTER TABLE `friendship` DISABLE KEYS */;
INSERT INTO `friendship` VALUES (1,1,1,'1992-02-18 12:50:49','1979-01-03 02:46:16','2018-04-11 09:46:59','1985-07-14 04:08:31'),(2,2,2,'1975-06-21 12:14:36','1980-09-06 21:20:37','2006-12-12 19:41:55','1974-01-28 11:53:04'),(3,3,3,'2019-08-29 05:59:37','2005-04-16 13:27:08','1971-12-12 03:07:06','1999-09-06 11:04:10'),(4,4,4,'2007-12-16 06:30:54','1985-09-29 00:51:20','2009-08-17 06:02:09','2011-02-19 15:43:54'),(5,5,5,'2016-08-06 08:09:12','2020-07-30 20:40:10','1995-02-26 19:34:26','1973-01-02 21:51:00'),(6,6,6,'1970-11-12 20:54:00','1975-03-08 14:56:17','2017-01-15 12:06:54','2008-10-30 11:29:55'),(7,7,7,'1980-05-02 21:59:56','1971-09-28 08:20:40','2010-11-24 14:53:59','1986-06-12 12:12:09'),(8,8,8,'2007-08-10 16:44:32','1978-05-18 17:29:39','1987-05-06 10:52:01','1982-03-18 04:14:53'),(9,9,9,'1996-02-27 21:24:21','1981-01-03 03:01:30','1993-06-06 06:05:45','1994-11-29 16:18:13'),(10,10,10,'1978-09-22 03:04:23','2012-09-24 22:17:15','1999-10-10 06:10:15','1989-06-23 08:38:46'),(11,11,11,'2000-11-19 13:08:24','1980-06-04 05:39:14','1995-07-02 16:27:14','1996-01-30 13:43:14'),(12,12,12,'1996-04-16 23:50:27','1980-05-18 21:13:53','1985-04-30 09:31:11','1976-06-22 02:44:36'),(13,13,13,'2009-11-03 11:17:27','1985-03-20 16:16:39','2017-10-01 18:05:04','1983-01-06 13:53:11'),(14,14,14,'1973-06-18 08:38:13','2004-09-01 02:31:15','1976-02-04 15:33:09','1996-06-10 17:28:28'),(15,15,15,'2014-07-15 03:31:05','1975-12-03 04:41:11','1987-10-13 21:00:27','1981-04-02 04:10:00'),(16,16,16,'1989-11-13 10:57:31','1981-02-27 07:45:01','1971-07-21 08:01:37','1988-05-09 08:08:40'),(17,17,17,'1982-07-17 10:49:55','2001-04-09 06:41:25','1976-11-20 00:44:29','1999-06-02 08:58:20'),(18,18,18,'2019-09-04 03:18:28','1987-11-13 02:42:32','1971-05-25 02:48:45','1996-07-15 08:58:48'),(19,19,19,'2021-04-12 23:55:38','1984-04-16 07:59:02','2008-04-23 09:22:15','1973-02-04 00:20:38'),(20,20,20,'1990-07-11 23:56:54','1970-01-28 07:46:06','1987-06-03 07:28:11','2014-09-25 04:04:54'),(21,21,21,'1989-12-17 17:09:32','2000-09-30 03:15:58','1977-07-18 10:45:00','1978-08-04 03:26:59'),(22,22,22,'2020-10-22 17:40:16','2016-10-25 03:41:37','2017-06-17 23:26:31','1976-06-18 11:30:28'),(23,23,23,'2018-01-25 10:10:55','1997-12-04 18:06:25','1986-07-26 10:05:52','1977-07-20 22:32:12'),(24,24,24,'1994-02-05 23:23:11','2001-10-14 07:05:10','1987-09-22 14:23:29','1977-04-13 20:27:27'),(25,25,25,'1986-01-29 04:49:05','1974-01-30 18:31:13','2006-10-23 17:07:53','1987-01-25 16:49:40'),(26,26,26,'2005-02-13 20:02:22','1991-09-20 03:45:12','2009-07-17 07:54:17','1985-12-31 16:34:13'),(27,27,27,'1998-10-04 02:23:03','2014-08-06 00:49:31','1983-12-13 10:24:03','2018-10-07 04:10:13'),(28,28,28,'1980-08-25 15:18:53','1986-10-05 11:54:02','2016-11-04 04:11:36','1973-07-11 10:28:34'),(29,29,29,'1985-06-19 06:54:36','2017-05-02 10:57:00','2012-01-12 17:55:39','2020-06-27 18:29:26'),(30,30,30,'1972-02-09 14:02:00','2010-10-21 19:58:02','2005-10-01 03:21:25','1974-02-19 21:11:42'),(31,31,31,'1972-03-07 15:36:36','1992-10-23 04:15:08','2011-07-01 02:33:48','2016-12-28 07:27:43'),(32,32,32,'1998-05-11 11:53:35','2000-04-09 08:09:06','1987-08-02 14:22:16','1993-09-20 13:22:06'),(33,33,33,'1991-05-29 22:19:02','1975-12-30 18:11:03','1993-03-07 18:21:55','1991-08-26 00:03:22'),(34,34,34,'1980-10-01 17:53:54','1990-01-08 06:04:52','1985-06-22 22:57:43','1994-01-03 13:22:12'),(35,35,35,'1970-11-26 09:12:07','2014-05-06 13:13:27','1972-02-03 14:29:22','2005-03-30 13:36:01'),(36,36,36,'2019-02-24 15:10:17','1993-01-27 04:33:33','2011-09-18 16:50:20','2011-06-25 16:21:34'),(37,37,37,'1973-05-25 12:17:25','2008-01-05 06:09:00','1983-06-03 12:37:35','1976-08-31 02:32:55'),(38,38,38,'1979-05-28 09:17:14','2015-05-23 08:59:50','2013-02-19 21:56:15','1974-03-21 06:01:47'),(39,39,39,'2007-07-03 21:00:44','1978-07-08 14:45:51','1979-08-01 13:04:42','1990-05-13 19:00:46'),(40,40,40,'2000-03-24 15:55:01','2010-07-05 02:12:40','1982-07-17 07:40:23','2002-05-06 07:46:51'),(41,41,41,'1992-12-08 11:13:33','1990-10-23 02:50:29','1988-07-03 14:09:29','2020-06-11 23:31:05'),(42,42,42,'1980-08-26 13:40:49','2013-04-13 16:48:26','1975-06-07 16:07:52','2001-11-30 12:04:17'),(43,43,43,'2008-07-31 16:25:10','2014-03-01 10:15:39','1970-04-04 12:34:47','1983-12-06 02:42:47'),(44,44,44,'1981-05-06 12:02:03','1980-12-23 01:48:59','1997-12-06 07:03:58','2016-03-25 15:06:52'),(45,45,45,'1974-07-18 13:11:55','1989-02-15 09:19:11','2006-08-31 13:21:48','1973-10-03 18:10:50'),(46,46,46,'2007-07-02 04:58:31','1977-11-21 23:34:49','1974-12-19 11:44:31','1982-05-05 11:45:27'),(47,47,47,'2009-08-13 07:44:28','1986-12-19 08:54:06','1979-02-21 10:44:00','1984-07-22 14:09:29'),(48,48,48,'1972-08-12 03:12:21','1975-12-23 21:05:54','1977-09-24 14:18:48','1995-04-23 01:01:54'),(49,49,49,'2016-12-31 01:23:05','1996-06-28 15:48:25','1991-09-14 11:05:06','2011-06-21 10:28:30'),(50,50,50,'1989-12-26 02:56:55','2016-10-25 07:28:02','1975-05-30 19:56:58','2002-02-04 17:06:50'),(51,51,51,'2002-06-08 12:02:04','2016-08-24 23:07:46','1972-03-09 14:05:32','2002-09-20 19:53:43'),(52,52,52,'1989-04-08 03:18:53','1981-06-14 22:27:02','1978-04-12 22:51:04','2018-08-12 05:39:03'),(53,53,53,'1983-12-13 21:23:49','1996-09-03 11:44:12','2005-04-06 09:46:44','2019-02-18 12:10:30'),(54,54,54,'1988-10-12 22:38:40','2013-09-22 21:10:41','2017-08-12 10:37:08','2005-06-09 11:20:48'),(55,55,55,'1994-07-13 14:00:37','2017-10-01 06:45:17','2014-06-15 10:29:09','1994-03-03 09:03:22'),(56,56,56,'1975-11-26 20:08:04','2006-09-13 16:05:01','2011-06-04 20:32:27','1985-08-20 07:59:19'),(57,57,57,'2020-10-16 20:41:19','2010-12-01 07:18:39','1985-02-06 10:58:49','1975-04-05 05:46:36'),(58,58,58,'1986-03-23 23:26:07','1980-12-02 20:47:12','1997-02-01 06:15:20','2002-01-21 10:20:59'),(59,59,59,'2004-03-20 04:10:18','1994-03-20 01:02:38','1992-04-18 14:33:49','1974-06-16 08:19:39'),(60,60,60,'1998-06-08 14:47:52','2009-12-11 21:50:10','1973-10-28 07:00:09','1975-04-19 21:02:23'),(61,61,61,'1998-08-13 08:06:44','2006-04-06 07:14:38','2005-08-13 16:29:57','2014-11-26 08:24:03'),(62,62,62,'2008-05-17 01:08:33','1981-01-17 07:35:40','2009-04-23 14:01:55','2000-02-15 06:34:45'),(63,63,63,'2005-08-06 14:21:43','2003-12-23 12:22:53','2009-04-20 17:18:36','1993-11-22 01:07:54'),(64,64,64,'1993-06-17 04:33:23','2018-01-27 13:54:22','1989-12-17 13:57:09','1976-02-11 16:55:08'),(65,65,65,'1978-06-27 15:25:36','2006-03-12 23:52:47','2019-06-14 03:55:13','1993-10-07 20:09:58'),(66,66,66,'2019-01-11 02:53:53','2014-01-25 08:38:56','1976-02-25 20:21:09','1988-07-15 03:16:08'),(67,67,67,'1976-12-11 15:19:02','1987-12-07 19:31:11','2003-09-28 22:17:40','1992-03-26 21:19:08'),(68,68,68,'1975-06-21 20:24:06','2007-05-09 21:25:18','1979-04-26 05:56:44','1987-04-03 10:04:59'),(69,69,69,'1992-09-12 01:59:10','2011-01-08 14:33:07','2012-11-19 21:05:09','1991-06-07 06:58:26'),(70,70,70,'1998-09-18 08:00:08','2015-04-12 11:01:03','1974-09-15 09:22:02','2011-03-10 02:07:28'),(71,71,71,'1984-07-18 15:14:32','1985-12-02 04:21:48','2017-06-28 07:52:51','1997-04-24 16:41:11'),(72,72,72,'1979-10-27 08:10:34','1976-08-27 23:43:44','1973-02-02 20:55:34','1989-10-08 12:16:55'),(73,73,73,'2005-01-21 19:58:52','2014-03-01 01:16:06','2007-03-22 10:23:37','1977-06-06 15:14:54'),(74,74,74,'2001-05-19 15:31:47','1974-10-09 22:56:13','2010-09-05 20:52:01','2015-03-28 04:45:29'),(75,75,75,'1977-12-03 16:16:23','1995-06-29 23:57:44','1984-08-09 19:52:42','2011-08-23 20:56:27'),(76,76,76,'1986-03-29 08:29:07','2013-11-24 09:32:26','1998-04-16 14:30:14','2003-08-14 06:47:15'),(77,77,77,'2007-02-22 22:43:11','1973-09-12 20:58:24','2002-03-12 16:51:47','2016-08-31 14:57:29'),(78,78,78,'1982-08-05 21:56:35','1988-03-24 04:17:54','2005-09-24 15:29:25','2008-04-03 22:52:01'),(79,79,79,'1991-12-22 00:41:48','1980-07-02 07:22:25','1972-07-24 14:26:39','1993-06-07 15:32:14'),(80,80,80,'1972-01-19 23:31:12','1971-06-21 16:16:57','1993-12-24 19:39:10','1980-03-03 22:49:49'),(81,81,81,'1991-01-21 12:52:12','2012-09-14 11:03:39','2007-11-22 16:33:43','1975-05-10 22:38:06'),(82,82,82,'1990-08-25 16:58:16','1974-06-26 14:16:43','2004-12-11 05:36:04','2005-04-27 21:17:39'),(83,83,83,'1988-09-06 21:53:10','1971-04-27 18:03:53','1987-04-11 08:48:47','1996-07-08 20:20:28'),(84,84,84,'2009-05-30 16:02:39','1994-05-25 17:03:34','1986-03-11 05:17:39','2011-05-03 06:05:18'),(85,85,85,'2014-04-29 20:31:50','2004-07-18 04:09:05','2009-02-05 16:46:53','2020-05-27 11:05:37'),(86,86,86,'1972-06-15 00:45:28','1980-11-01 17:44:29','2013-06-22 22:05:12','1986-01-25 13:11:55'),(87,87,87,'1987-07-18 08:02:14','1976-06-04 00:41:22','1997-04-16 13:24:05','1998-08-02 07:25:51'),(88,88,88,'1973-10-23 17:59:03','1991-04-11 10:25:44','1973-07-02 09:48:11','2008-07-26 15:16:18'),(89,89,89,'1997-07-21 12:13:50','1981-06-28 17:20:14','1978-12-19 20:29:37','2010-09-10 21:58:23'),(90,90,90,'1994-06-18 14:39:24','2004-05-20 00:25:10','1975-04-14 07:24:34','2001-05-22 16:01:08'),(91,91,91,'2005-03-20 05:32:16','2018-09-14 09:51:11','2007-06-01 02:13:39','2008-09-21 06:34:23'),(92,92,92,'2018-03-23 17:06:41','1972-06-17 09:38:46','1973-02-19 07:54:13','2006-01-24 17:49:13'),(93,93,93,'1992-09-01 23:26:08','1977-06-29 20:29:05','1991-11-27 20:19:33','2000-03-02 04:40:25'),(94,94,94,'1988-01-27 09:25:29','2019-06-27 14:04:02','2009-08-09 12:11:01','2007-07-26 03:42:15'),(95,95,95,'2018-09-30 09:07:58','2003-03-04 21:52:39','2004-12-09 21:47:06','1989-11-07 21:43:10'),(96,96,96,'1977-09-07 00:18:57','2010-12-18 10:03:28','2019-04-06 21:18:54','1985-06-08 14:29:56'),(97,97,97,'2017-05-23 14:29:19','1988-12-19 15:35:29','2008-04-25 14:21:35','1972-06-18 16:06:24'),(98,98,98,'1980-04-30 22:00:18','1976-10-18 21:11:06','1992-10-12 23:49:29','2008-01-30 07:25:04'),(99,99,99,'1988-07-30 12:03:46','2000-10-13 08:43:42','2020-04-04 14:26:30','2015-07-28 07:10:24'),(100,100,100,'1990-04-14 11:51:34','2003-03-24 19:57:30','1981-05-05 11:39:26','1998-03-31 08:19:48');
/*!40000 ALTER TABLE `friendship` ENABLE KEYS */;
UNLOCK TABLES;

--
-- Table structure for table `friendship_statuses`
--

DROP TABLE IF EXISTS `friendship_statuses`;
/*!40101 SET @saved_cs_client     = @@character_set_client */;
/*!50503 SET character_set_client = utf8mb4 */;
CREATE TABLE `friendship_statuses` (
  `id` int unsigned NOT NULL AUTO_INCREMENT COMMENT 'Идентификатор строки',
  `name` varchar(150) NOT NULL COMMENT 'Название статуса',
  `created_at` datetime DEFAULT CURRENT_TIMESTAMP COMMENT 'Время создания строки',
  `updated_at` datetime DEFAULT CURRENT_TIMESTAMP ON UPDATE CURRENT_TIMESTAMP COMMENT 'Время обновления строки',
  PRIMARY KEY (`id`),
  UNIQUE KEY `name` (`name`)
) ENGINE=InnoDB AUTO_INCREMENT=101 DEFAULT CHARSET=utf8mb4 COLLATE=utf8mb4_0900_ai_ci COMMENT='Статусы дружбы';
/*!40101 SET character_set_client = @saved_cs_client */;

--
-- Dumping data for table `friendship_statuses`
--

LOCK TABLES `friendship_statuses` WRITE;
/*!40000 ALTER TABLE `friendship_statuses` DISABLE KEYS */;
INSERT INTO `friendship_statuses` VALUES (1,'alias','1988-06-26 18:03:48','2007-11-12 15:03:15'),(2,'iste','1982-03-27 23:02:32','1983-03-08 09:21:54'),(3,'id','2007-06-05 02:44:22','1995-02-17 10:18:32'),(4,'sint','1982-09-14 09:57:59','2003-08-18 17:16:23'),(5,'qui','2001-05-06 20:40:23','2010-10-20 06:01:13'),(6,'fugiat','1981-10-14 23:07:31','1999-08-13 08:13:25'),(7,'officiis','1991-06-17 06:23:03','1977-08-14 15:15:32'),(8,'possimus','2005-08-02 19:32:45','1971-09-29 20:52:08'),(9,'facilis','1985-10-11 08:36:34','1984-12-16 02:11:34'),(10,'sit','1999-07-20 19:04:13','2019-04-22 14:28:00'),(11,'pariatur','1975-07-09 08:00:43','1972-08-22 02:44:01'),(12,'et','2016-08-01 18:35:50','2003-10-22 00:01:42'),(13,'est','1979-02-05 09:25:07','2007-04-07 16:42:53'),(14,'perspiciatis','2005-11-04 07:21:43','1970-02-14 18:15:23'),(15,'ducimus','1997-02-24 23:24:09','2011-02-21 11:45:10'),(16,'corrupti','1993-03-30 12:56:23','1987-05-27 03:34:17'),(17,'iusto','1999-02-26 18:28:11','2015-12-13 07:47:30'),(18,'adipisci','1984-07-19 08:36:41','2004-03-23 12:17:42'),(19,'consequuntur','2010-06-05 18:28:12','2010-10-08 05:54:45'),(20,'ipsam','2004-09-24 08:15:12','1984-10-14 10:55:11'),(21,'repellendus','1985-12-15 02:03:31','1997-07-18 10:39:15'),(22,'modi','1995-10-24 11:08:23','2011-11-28 20:47:27'),(23,'eius','1971-01-14 22:42:25','1991-02-25 15:25:41'),(24,'quibusdam','1993-10-25 09:20:05','1981-10-21 19:52:37'),(25,'suscipit','1978-08-12 17:52:07','2005-08-20 13:46:43'),(26,'voluptatibus','2010-03-20 14:21:32','2016-09-10 10:31:08'),(27,'voluptas','2009-02-12 11:07:04','2006-04-14 11:20:02'),(28,'earum','2018-09-25 14:16:14','2017-01-01 12:18:03'),(29,'voluptate','2014-02-24 01:37:19','1995-12-31 02:08:46'),(30,'quia','1974-01-01 14:32:35','1994-07-18 02:52:09'),(31,'inventore','1983-06-28 18:28:56','1987-11-04 19:17:38'),(32,'commodi','1995-06-10 10:52:47','2020-10-25 20:38:47'),(33,'nihil','1994-01-10 18:24:08','1996-07-20 20:19:10'),(34,'tempore','2012-12-28 12:19:31','1999-06-05 00:50:00'),(35,'aut','2001-03-14 13:03:02','2016-03-24 18:12:30'),(36,'quidem','2000-06-14 18:57:34','1999-06-13 20:30:51'),(37,'autem','1999-02-04 19:57:48','1990-04-14 22:13:44'),(38,'odit','2000-08-20 12:59:22','1971-08-24 09:14:11'),(39,'delectus','1975-07-04 00:02:30','1989-06-27 20:53:43'),(40,'vel','1994-03-16 23:29:42','1991-11-27 15:26:20'),(41,'nam','1981-09-29 22:00:03','1991-08-29 18:54:12'),(42,'libero','2000-11-08 16:47:06','2016-06-10 18:25:08'),(43,'nemo','2007-09-30 12:16:24','2011-03-08 10:08:49'),(44,'provident','2017-02-06 02:05:54','2008-05-28 14:05:09'),(45,'minima','1976-03-22 06:09:27','1983-09-26 01:32:21'),(46,'repellat','1991-03-11 18:37:22','1995-06-15 08:31:30'),(47,'distinctio','2012-11-15 18:03:13','1990-08-24 23:10:01'),(48,'voluptatem','1991-11-26 06:39:44','1993-11-29 14:25:39'),(49,'labore','1971-01-22 15:03:24','2013-07-18 20:24:38'),(50,'laboriosam','2005-04-13 21:24:57','2020-09-26 12:37:41'),(51,'placeat','2010-04-16 05:11:59','1974-10-19 10:46:17'),(52,'soluta','1997-05-02 19:10:11','1977-03-06 04:59:56'),(53,'culpa','1977-08-16 10:36:00','1980-08-28 06:22:04'),(54,'eum','2013-05-15 02:42:43','1986-01-08 13:29:45'),(55,'ex','1994-02-14 17:33:37','1978-06-17 08:02:06'),(56,'excepturi','1974-01-24 14:22:06','1998-03-28 16:14:34'),(57,'atque','1990-04-13 17:01:10','2000-03-19 01:54:25'),(58,'ipsa','2004-01-04 12:04:40','1982-10-20 16:21:16'),(59,'impedit','2015-09-28 12:21:19','1976-12-26 22:24:27'),(60,'necessitatibus','1979-06-26 22:12:55','1971-09-04 10:45:22'),(61,'debitis','1995-02-14 22:07:02','1993-11-10 09:56:39'),(62,'ut','2009-11-16 00:19:19','2016-01-06 18:47:57'),(63,'ea','2016-04-08 07:06:10','2017-09-13 13:00:58'),(64,'doloremque','2004-04-27 03:05:53','1971-10-02 02:55:48'),(65,'dolorem','1988-03-20 04:48:15','1995-05-03 09:09:51'),(66,'maiores','1973-11-13 16:38:21','1970-01-06 18:24:30'),(67,'sapiente','1996-08-19 17:18:08','2011-12-12 20:53:46'),(68,'at','1976-12-05 18:54:48','2016-01-09 18:49:06'),(69,'dolores','1973-10-24 06:31:52','2005-03-18 21:09:42'),(70,'mollitia','2019-04-20 00:08:53','1974-03-13 05:30:39'),(71,'aspernatur','1999-05-01 05:43:58','2008-12-16 12:08:51'),(72,'omnis','2006-04-16 02:34:00','2017-01-19 19:07:21'),(73,'quo','1994-03-25 03:31:04','1985-01-31 22:28:29'),(74,'exercitationem','2018-04-13 19:16:33','2007-08-01 22:40:54'),(75,'expedita','2018-03-05 07:31:34','2010-11-21 15:11:51'),(76,'reiciendis','1983-08-21 12:09:59','2019-11-20 05:16:51'),(77,'doloribus','2018-06-28 03:31:14','1999-10-25 04:22:51'),(78,'consequatur','2008-06-09 17:53:16','2020-09-13 15:16:29'),(79,'quis','1980-06-27 14:45:52','2019-01-26 07:13:51'),(80,'unde','1989-09-16 05:07:11','1990-10-08 12:11:12'),(81,'eveniet','1979-09-27 18:21:52','1980-06-10 06:09:46'),(82,'magni','2008-03-01 23:14:12','2006-03-17 11:57:24'),(83,'molestias','1970-11-01 03:22:45','1990-11-27 23:05:02'),(84,'rerum','2001-09-11 02:38:12','1976-06-01 20:21:34'),(85,'dicta','1976-02-12 07:26:33','1994-04-07 23:23:56'),(86,'sed','2001-12-31 12:22:09','2012-08-13 10:36:01'),(87,'laborum','1982-11-02 10:15:58','1975-09-15 00:11:35'),(88,'beatae','1983-07-07 23:53:54','1996-09-30 03:46:46'),(89,'deleniti','2011-07-26 13:22:17','2005-03-06 16:15:44'),(90,'aliquam','1973-04-21 18:02:34','2005-10-03 02:40:33'),(91,'reprehenderit','2004-08-10 23:17:23','2012-01-06 03:20:16'),(92,'sunt','2005-09-07 07:52:53','2003-07-17 16:58:11'),(93,'blanditiis','2000-11-30 11:01:44','2012-09-27 05:32:44'),(94,'nostrum','1985-09-07 01:50:20','1978-11-07 01:26:56'),(95,'maxime','2014-06-10 03:40:57','2008-11-16 01:43:06'),(96,'nulla','1999-02-24 21:52:14','2019-05-12 08:40:56'),(97,'molestiae','1975-06-26 22:50:45','1989-05-27 10:53:29'),(98,'saepe','1976-04-30 03:36:52','1992-03-27 17:14:02'),(99,'illo','1992-07-27 06:47:10','2000-02-02 14:41:55'),(100,'quam','2018-08-12 15:18:27','1971-03-10 06:00:55');
/*!40000 ALTER TABLE `friendship_statuses` ENABLE KEYS */;
UNLOCK TABLES;

--
-- Table structure for table `media`
--

DROP TABLE IF EXISTS `media`;
/*!40101 SET @saved_cs_client     = @@character_set_client */;
/*!50503 SET character_set_client = utf8mb4 */;
CREATE TABLE `media` (
  `id` int unsigned NOT NULL AUTO_INCREMENT COMMENT 'Идентификатор строки',
  `filename` varchar(255) NOT NULL COMMENT 'Путь к файлу',
  `size` int NOT NULL COMMENT 'Размер файла',
  `media_type_id` int unsigned NOT NULL COMMENT 'Ссылка на тип контента',
  `created_at` datetime DEFAULT CURRENT_TIMESTAMP COMMENT 'Время создания строки',
  `updated_at` datetime DEFAULT CURRENT_TIMESTAMP ON UPDATE CURRENT_TIMESTAMP COMMENT 'Время обновления строки',
  `name` varchar(100) NOT NULL,
  `metadata` json DEFAULT NULL,
  PRIMARY KEY (`id`),
  UNIQUE KEY `name` (`name`),
  KEY `fk_media_type` (`media_type_id`),
  CONSTRAINT `fk_media_type` FOREIGN KEY (`media_type_id`) REFERENCES `media_types` (`id`)
) ENGINE=InnoDB AUTO_INCREMENT=101 DEFAULT CHARSET=utf8mb4 COLLATE=utf8mb4_0900_ai_ci COMMENT='Медиафайлы';
/*!40101 SET character_set_client = @saved_cs_client */;

--
-- Dumping data for table `media`
--

LOCK TABLES `media` WRITE;
/*!40000 ALTER TABLE `media` DISABLE KEYS */;
INSERT INTO `media` VALUES (2,'qui',271082,2,'2006-11-23 03:57:02','1983-07-24 13:20:07','quam',NULL),(4,'et',62,4,'1989-10-23 02:36:53','1994-07-27 12:28:38','minima',NULL),(6,'harum',980368,6,'1977-12-17 01:30:37','2009-09-17 12:24:33','qui',NULL),(7,'dolores',7523,7,'2011-07-18 18:21:45','2004-05-30 16:09:09','repellendus',NULL),(8,'nam',9027762,8,'2019-01-31 12:03:35','2002-06-21 10:20:57','sequi',NULL),(9,'maxime',12128,9,'2009-11-11 06:16:35','2003-02-25 13:02:01','mollitia',NULL),(11,'et',0,11,'2011-02-05 06:21:44','1977-08-29 01:29:55','aperiam',NULL),(12,'atque',810245935,12,'2007-05-09 19:01:53','2008-12-06 11:51:59','voluptatem',NULL),(13,'vitae',703915469,13,'2006-11-14 21:15:57','2004-09-20 19:55:57','ex',NULL),(17,'autem',71736124,17,'2016-04-30 23:26:15','1982-09-27 12:46:56','minus',NULL),(19,'ab',54178,19,'1975-07-11 12:59:49','2020-05-26 21:00:03','inventore',NULL),(22,'qui',16830503,22,'2005-01-28 21:01:21','1976-10-22 17:54:39','explicabo',NULL),(24,'sunt',720,24,'1976-10-29 15:23:47','1997-09-23 18:29:00','beatae',NULL),(26,'sequi',361020073,26,'1983-10-06 00:41:24','1990-11-17 17:11:36','nam',NULL),(27,'aut',82247678,27,'2002-06-05 07:50:36','1972-07-31 07:28:31','facilis',NULL),(29,'ex',66738500,29,'1987-01-20 16:37:34','1975-01-03 02:38:39','consequatur',NULL),(30,'soluta',16,30,'1990-06-29 23:28:11','1979-10-20 05:45:35','amet',NULL),(31,'iusto',48651,31,'1974-04-24 03:32:31','2004-10-11 16:28:22','nihil',NULL),(32,'non',6221,32,'1996-12-27 06:33:52','1992-09-13 00:54:24','enim',NULL),(33,'quam',38348411,33,'1991-04-24 18:08:32','1978-12-28 13:47:13','debitis',NULL),(35,'quos',735,35,'2005-12-07 20:52:20','1982-03-19 19:53:44','occaecati',NULL),(36,'nesciunt',922365,36,'1981-05-24 20:13:32','2009-09-14 06:07:58','ipsa',NULL),(40,'velit',1,40,'1973-08-14 01:16:21','1989-02-23 03:47:03','fuga',NULL),(42,'dolorum',7,42,'1990-12-23 15:44:39','1982-02-01 14:02:41','sit',NULL),(44,'sit',994,44,'2007-06-11 19:10:32','1988-04-22 04:54:01','ducimus',NULL),(45,'alias',0,45,'2002-03-03 19:38:40','1971-12-25 02:55:33','maxime',NULL),(46,'ut',70485631,46,'2012-06-06 03:04:32','1999-11-11 14:29:56','voluptatibus',NULL),(48,'porro',0,48,'1975-04-06 11:06:33','2011-05-13 22:24:54','tempore',NULL),(49,'hic',51593596,49,'2017-01-16 11:08:55','1986-06-17 18:16:44','doloribus',NULL),(51,'veniam',0,51,'2002-02-13 14:40:04','1978-03-06 15:11:37','commodi',NULL),(52,'ullam',121110,52,'2011-06-29 12:39:28','2020-12-27 13:17:25','vel',NULL),(53,'necessitatibus',403688,53,'2011-06-08 17:42:34','2017-01-17 03:48:13','dolorem',NULL),(54,'facilis',76,54,'2015-08-20 20:54:43','1976-12-28 00:57:56','dolore',NULL),(55,'dolorum',0,55,'2011-04-14 09:42:45','2020-04-21 05:11:52','officia',NULL),(57,'voluptatem',7,57,'1970-12-07 01:39:44','2007-11-16 16:18:29','iste',NULL),(58,'voluptate',8525,58,'1979-12-09 14:04:27','2013-01-29 04:26:10','veritatis',NULL),(62,'dolor',1338,62,'1983-07-09 20:58:24','2005-07-05 21:56:23','dolorum',NULL),(64,'officia',9253,64,'2008-10-27 05:06:38','1998-07-22 09:23:18','quos',NULL),(65,'vel',82983252,65,'1977-04-15 09:56:31','1999-03-23 23:40:01','quia',NULL),(66,'ullam',5347,66,'1981-02-02 23:08:01','1994-05-12 08:26:53','velit',NULL),(67,'itaque',922647,67,'1992-01-11 09:44:13','2019-06-04 09:06:15','eum',NULL),(68,'voluptatem',795,68,'1977-01-29 06:06:35','1973-12-19 23:43:59','quod',NULL),(69,'quos',210066278,69,'2002-07-19 04:14:11','1981-01-14 15:11:19','cumque',NULL),(70,'qui',1,70,'1994-04-25 05:48:20','2020-08-10 08:46:46','perferendis',NULL),(72,'reiciendis',5131,72,'2005-04-30 18:20:14','1996-08-29 15:18:18','eius',NULL),(73,'id',7,73,'1982-12-24 21:20:05','2005-02-05 14:50:14','dolor',NULL),(74,'nemo',9071,74,'1976-10-14 17:31:19','2002-10-07 09:12:22','molestiae',NULL),(75,'voluptatum',72048710,75,'2006-08-25 07:30:53','2011-04-20 06:57:27','recusandae',NULL),(76,'et',87918,76,'2021-01-02 08:10:55','1972-08-20 23:11:03','autem',NULL),(78,'deserunt',833,78,'2004-03-30 09:03:59','1991-01-02 06:38:26','natus',NULL),(80,'iure',89,80,'1972-07-20 20:06:19','1979-03-09 15:34:04','aut',NULL),(82,'deserunt',49322,82,'1973-02-24 12:32:15','1978-03-31 05:21:58','placeat',NULL),(83,'quam',77225274,83,'2005-07-27 00:41:45','2018-01-27 21:40:02','libero',NULL),(85,'labore',45154651,85,'1985-02-19 23:21:08','2005-09-26 16:32:01','optio',NULL),(86,'quo',0,86,'1977-05-24 15:28:26','2019-09-29 12:12:17','voluptatum',NULL),(87,'dolor',827033903,87,'2005-06-15 09:35:17','2008-07-31 22:23:05','laboriosam',NULL),(88,'voluptates',0,88,'1994-03-19 23:59:30','1999-02-07 15:14:30','possimus',NULL),(89,'facere',44357,89,'2010-02-18 15:30:02','1986-07-23 06:07:43','incidunt',NULL),(90,'est',8,90,'1979-03-29 12:31:14','1975-03-27 02:52:38','et',NULL),(91,'officiis',94,91,'1971-01-13 12:08:09','2016-10-02 19:52:31','quibusdam',NULL),(92,'cum',289,92,'1988-12-14 11:51:42','2008-08-10 05:15:05','sunt',NULL),(93,'non',761143,93,'1974-02-02 23:46:20','2007-02-27 21:42:46','consequuntur',NULL),(94,'quia',50120759,94,'1979-08-19 16:19:24','1973-07-20 21:49:58','nobis',NULL),(95,'dolore',39054280,95,'1989-05-19 16:56:45','2005-04-21 15:11:51','dolores',NULL),(96,'alias',5,96,'1991-10-30 07:05:36','1990-12-12 08:29:24','est',NULL),(97,'at',729404,97,'2008-01-04 13:42:44','1984-10-21 11:01:28','id',NULL),(98,'sit',8172957,98,'1988-02-27 16:24:23','1997-11-30 10:49:27','in',NULL),(99,'mollitia',6,99,'1974-07-26 09:59:23','1975-07-06 18:30:46','maiores',NULL),(100,'impedit',17982,100,'1991-04-18 09:40:35','2011-09-29 20:16:40','culpa',NULL);
/*!40000 ALTER TABLE `media` ENABLE KEYS */;
UNLOCK TABLES;

--
-- Table structure for table `media_likes`
--

DROP TABLE IF EXISTS `media_likes`;
/*!40101 SET @saved_cs_client     = @@character_set_client */;
/*!50503 SET character_set_client = utf8mb4 */;
CREATE TABLE `media_likes` (
  `id` int unsigned NOT NULL AUTO_INCREMENT COMMENT 'Идентификатор строки',
  `from_user_id` int unsigned NOT NULL COMMENT 'Ссылка на пользователя, который поставил лайк',
  `mediafile_id` int unsigned NOT NULL COMMENT 'Ссылка на медиафайл, которому поставили лайк',
  `filename` varchar(255) NOT NULL COMMENT 'Путь к файлу',
  `size` int NOT NULL COMMENT 'Размер файла',
  `metadata` json DEFAULT NULL COMMENT 'Метаданные файла',
  `media_type_id` int unsigned NOT NULL COMMENT 'Ссылка на тип контента',
  `created_at` datetime DEFAULT CURRENT_TIMESTAMP COMMENT 'Время проставления лайка',
  PRIMARY KEY (`id`)
) ENGINE=InnoDB AUTO_INCREMENT=101 DEFAULT CHARSET=utf8mb4 COLLATE=utf8mb4_0900_ai_ci COMMENT='Лайки медиафайлов';
/*!40101 SET character_set_client = @saved_cs_client */;

--
-- Dumping data for table `media_likes`
--

LOCK TABLES `media_likes` WRITE;
/*!40000 ALTER TABLE `media_likes` DISABLE KEYS */;
INSERT INTO `media_likes` VALUES (1,1,1,'et',31,NULL,1,'1998-06-24 22:22:50'),(2,2,2,'voluptatem',226,NULL,2,'2006-12-06 08:29:12'),(3,3,3,'voluptas',99695723,NULL,3,'2014-08-29 11:05:46'),(4,4,4,'quisquam',392,NULL,4,'2006-01-18 19:30:50'),(5,5,5,'nihil',80017,NULL,5,'1979-12-24 22:56:07'),(6,6,6,'veritatis',8332,NULL,6,'1988-08-01 17:00:41'),(7,7,7,'nemo',948868087,NULL,7,'1981-09-03 09:57:52'),(8,8,8,'non',8,NULL,8,'1993-08-07 01:05:58'),(9,9,9,'quis',5,NULL,9,'2003-07-02 07:50:50'),(10,10,10,'incidunt',588466836,NULL,10,'1970-10-16 13:55:22'),(11,11,11,'repellat',696,NULL,11,'2006-06-14 14:59:56'),(12,12,12,'nulla',226,NULL,12,'1980-04-12 01:07:16'),(13,13,13,'doloremque',217,NULL,13,'2009-04-12 14:44:31'),(14,14,14,'molestiae',360,NULL,14,'1982-04-30 00:22:43'),(15,15,15,'est',0,NULL,15,'1975-03-23 00:33:43'),(16,16,16,'accusantium',99,NULL,16,'2005-11-06 20:55:11'),(17,17,17,'enim',71860,NULL,17,'2003-12-14 11:50:22'),(18,18,18,'quos',57,NULL,18,'2020-09-24 13:21:43'),(19,19,19,'architecto',22,NULL,19,'2006-12-11 07:51:25'),(20,20,20,'reprehenderit',9,NULL,20,'1999-12-31 22:29:40'),(21,21,21,'mollitia',3491,NULL,21,'1997-01-01 17:36:19'),(22,22,22,'perferendis',0,NULL,22,'1981-06-05 16:48:17'),(23,23,23,'repellendus',9034,NULL,23,'1999-05-08 03:57:34'),(24,24,24,'eveniet',66574028,NULL,24,'2008-11-05 21:36:53'),(25,25,25,'harum',6941,NULL,25,'1987-04-13 20:27:38'),(26,26,26,'placeat',5,NULL,26,'1980-11-16 07:17:54'),(27,27,27,'adipisci',366867472,NULL,27,'1983-10-13 18:17:53'),(28,28,28,'rerum',257330,NULL,28,'1979-09-04 14:23:59'),(29,29,29,'beatae',60072061,NULL,29,'2019-03-25 21:38:10'),(30,30,30,'unde',2623970,NULL,30,'1992-01-20 22:41:21'),(31,31,31,'consequuntur',33207715,NULL,31,'2003-06-05 07:34:41'),(32,32,32,'alias',7,NULL,32,'2002-05-04 15:51:58'),(33,33,33,'quis',758414959,NULL,33,'2002-07-13 11:03:10'),(34,34,34,'deserunt',3115356,NULL,34,'2015-08-15 07:24:06'),(35,35,35,'vero',458743576,NULL,35,'1999-07-14 13:34:37'),(36,36,36,'perspiciatis',0,NULL,36,'2007-09-07 12:54:20'),(37,37,37,'minus',9,NULL,37,'1983-01-31 21:21:06'),(38,38,38,'illum',74683,NULL,38,'2005-02-01 19:27:54'),(39,39,39,'aperiam',8,NULL,39,'2007-04-18 21:22:06'),(40,40,40,'quis',806646,NULL,40,'2002-09-08 11:00:22'),(41,41,41,'veniam',6,NULL,41,'1995-05-15 19:00:03'),(42,42,42,'aut',68523957,NULL,42,'2008-06-03 15:25:01'),(43,43,43,'magni',35778,NULL,43,'1994-01-05 21:37:17'),(44,44,44,'voluptas',38270599,NULL,44,'2010-02-16 06:19:26'),(45,45,45,'aut',136665600,NULL,45,'2014-01-13 00:25:24'),(46,46,46,'harum',26265062,NULL,46,'2000-05-31 16:55:41'),(47,47,47,'sit',2705157,NULL,47,'1977-12-17 03:16:20'),(48,48,48,'nisi',90,NULL,48,'1974-07-27 22:16:37'),(49,49,49,'voluptas',2867284,NULL,49,'1973-04-19 04:14:43'),(50,50,50,'blanditiis',5,NULL,50,'1991-11-12 19:04:03'),(51,51,51,'ex',77887,NULL,51,'1992-08-10 22:57:46'),(52,52,52,'reiciendis',0,NULL,52,'2009-12-21 16:01:03'),(53,53,53,'dolor',65549,NULL,53,'2013-08-08 07:36:02'),(54,54,54,'et',203943719,NULL,54,'2020-07-25 15:11:00'),(55,55,55,'at',808111393,NULL,55,'2002-08-31 01:03:43'),(56,56,56,'aut',7,NULL,56,'1983-02-05 22:30:51'),(57,57,57,'pariatur',9,NULL,57,'2007-08-26 20:56:37'),(58,58,58,'voluptas',2657,NULL,58,'1983-01-09 13:56:21'),(59,59,59,'optio',4788107,NULL,59,'2009-03-02 09:01:56'),(60,60,60,'nam',261,NULL,60,'1975-09-09 01:49:43'),(61,61,61,'delectus',4986,NULL,61,'2011-07-03 20:36:57'),(62,62,62,'aperiam',0,NULL,62,'1973-11-24 02:32:39'),(63,63,63,'qui',962297,NULL,63,'1970-10-30 05:22:32'),(64,64,64,'aliquam',7044,NULL,64,'1995-07-09 04:24:02'),(65,65,65,'velit',60,NULL,65,'1976-11-24 06:25:17'),(66,66,66,'modi',951,NULL,66,'2004-05-01 13:55:37'),(67,67,67,'fuga',85474,NULL,67,'1997-09-17 11:16:27'),(68,68,68,'dolorem',0,NULL,68,'2006-04-17 00:23:54'),(69,69,69,'corporis',1680,NULL,69,'2006-12-05 08:37:02'),(70,70,70,'voluptatem',32127,NULL,70,'1984-06-17 07:08:57'),(71,71,71,'voluptatum',95980632,NULL,71,'2013-04-17 22:00:09'),(72,72,72,'aliquam',0,NULL,72,'1997-08-23 07:27:27'),(73,73,73,'exercitationem',0,NULL,73,'2000-02-25 01:10:00'),(74,74,74,'nemo',2828,NULL,74,'2010-12-20 11:59:33'),(75,75,75,'nulla',5,NULL,75,'2008-11-01 00:48:14'),(76,76,76,'officiis',548340,NULL,76,'2019-04-10 01:46:11'),(77,77,77,'vitae',0,NULL,77,'2004-01-08 08:10:49'),(78,78,78,'ad',324247,NULL,78,'1988-07-04 10:13:06'),(79,79,79,'neque',64,NULL,79,'1980-09-12 18:28:29'),(80,80,80,'eum',463,NULL,80,'2006-08-25 02:29:16'),(81,81,81,'voluptas',832756322,NULL,81,'2003-07-14 14:02:57'),(82,82,82,'molestias',8917192,NULL,82,'1977-07-11 02:18:00'),(83,83,83,'odio',6595,NULL,83,'1986-04-03 19:45:50'),(84,84,84,'quas',920309,NULL,84,'1986-06-09 22:04:08'),(85,85,85,'mollitia',373284,NULL,85,'2012-08-07 06:51:41'),(86,86,86,'aperiam',63957892,NULL,86,'2006-03-07 02:46:34'),(87,87,87,'molestiae',0,NULL,87,'2021-02-21 07:21:36'),(88,88,88,'velit',9527,NULL,88,'2021-01-16 03:03:34'),(89,89,89,'non',53,NULL,89,'1999-10-01 20:05:02'),(90,90,90,'eos',118781904,NULL,90,'1991-05-12 00:11:10'),(91,91,91,'officia',8644439,NULL,91,'1983-06-05 21:19:39'),(92,92,92,'doloremque',201619394,NULL,92,'2018-03-14 21:09:08'),(93,93,93,'maiores',29210,NULL,93,'1973-05-30 05:57:20'),(94,94,94,'maxime',0,NULL,94,'1971-06-19 22:40:23'),(95,95,95,'delectus',751,NULL,95,'2008-10-06 06:21:37'),(96,96,96,'quas',737955,NULL,96,'2001-02-24 23:26:07'),(97,97,97,'facilis',3,NULL,97,'1989-10-30 07:53:55'),(98,98,98,'omnis',0,NULL,98,'2007-06-24 17:58:31'),(99,99,99,'cum',0,NULL,99,'2001-12-28 16:57:44'),(100,100,100,'beatae',8,NULL,100,'1991-05-30 03:46:59');
/*!40000 ALTER TABLE `media_likes` ENABLE KEYS */;
UNLOCK TABLES;

--
-- Table structure for table `media_types`
--

DROP TABLE IF EXISTS `media_types`;
/*!40101 SET @saved_cs_client     = @@character_set_client */;
/*!50503 SET character_set_client = utf8mb4 */;
CREATE TABLE `media_types` (
  `id` int unsigned NOT NULL AUTO_INCREMENT COMMENT 'Идентификатор строки',
  `name` varchar(255) NOT NULL COMMENT 'Название типа',
  `created_at` datetime DEFAULT CURRENT_TIMESTAMP COMMENT 'Время создания строки',
  `updated_at` datetime DEFAULT CURRENT_TIMESTAMP ON UPDATE CURRENT_TIMESTAMP COMMENT 'Время обновления строки',
  PRIMARY KEY (`id`),
  UNIQUE KEY `name` (`name`)
) ENGINE=InnoDB AUTO_INCREMENT=106 DEFAULT CHARSET=utf8mb4 COLLATE=utf8mb4_0900_ai_ci COMMENT='Типы медиафайлов';
/*!40101 SET character_set_client = @saved_cs_client */;

--
-- Dumping data for table `media_types`
--

LOCK TABLES `media_types` WRITE;
/*!40000 ALTER TABLE `media_types` DISABLE KEYS */;
INSERT INTO `media_types` VALUES (1,'et','1983-08-03 19:52:50','2018-01-03 18:10:34'),(2,'vitae','1988-12-01 21:43:58','2019-01-28 18:34:54'),(3,'quo','2014-03-04 01:12:54','1973-11-07 17:03:37'),(4,'molestiae','1987-05-21 07:18:14','1975-08-06 18:03:32'),(5,'molestias','1986-11-10 23:07:44','1972-06-13 09:13:15'),(6,'consequatur','1988-01-28 16:32:23','1970-12-22 01:14:47'),(7,'animi','2020-06-04 17:16:22','1988-01-08 04:29:23'),(8,'corrupti','2003-07-21 19:25:25','1972-04-30 10:32:48'),(9,'enim','2007-02-16 23:56:26','2013-07-20 22:36:19'),(10,'amet','2018-10-14 10:23:19','2006-04-17 19:48:59'),(11,'ut','1970-11-22 19:06:24','2008-11-16 17:32:36'),(12,'aliquam','1998-08-20 00:43:11','2015-09-20 16:56:28'),(13,'rem','1999-11-09 09:10:01','1971-01-30 20:25:04'),(14,'optio','1982-03-20 17:36:33','1998-12-05 00:18:30'),(15,'est','2020-10-10 13:14:54','1974-06-26 16:09:13'),(16,'magni','2013-11-05 14:12:06','1997-11-17 23:13:41'),(17,'dignissimos','2012-11-22 04:02:21','1972-06-22 22:08:28'),(18,'deserunt','1980-04-10 07:07:32','1971-01-05 10:38:44'),(19,'nihil','1989-07-07 15:46:24','2004-07-18 19:48:34'),(20,'error','1988-11-29 18:54:47','1970-01-07 17:49:00'),(21,'reprehenderit','1999-09-18 18:15:25','2000-05-06 10:49:55'),(22,'eos','1970-07-20 17:51:52','1981-01-28 07:13:10'),(23,'deleniti','1992-06-06 03:11:03','1998-10-06 14:08:18'),(24,'officia','2016-07-06 01:21:43','1986-08-14 00:34:20'),(25,'excepturi','1997-12-04 21:44:56','1974-06-13 22:16:43'),(26,'quisquam','1970-03-19 23:58:46','1970-07-13 01:20:41'),(27,'qui','1985-06-05 23:14:17','1994-12-28 01:57:51'),(28,'modi','1982-09-11 21:51:50','1991-11-03 07:42:55'),(29,'dolorum','1985-04-03 17:41:48','2018-06-03 21:47:41'),(30,'sunt','2000-03-30 02:06:54','1988-07-15 10:49:37'),(31,'sed','1981-02-06 13:40:15','1971-09-12 16:50:19'),(32,'saepe','2000-04-23 01:04:13','1994-09-06 15:23:17'),(33,'rerum','2011-01-15 05:54:06','1994-02-02 09:53:36'),(34,'vel','2016-07-25 17:20:50','1996-01-03 13:27:15'),(35,'omnis','1985-02-04 07:04:35','2003-12-16 23:50:54'),(36,'impedit','1994-05-19 13:37:14','1975-06-29 02:50:33'),(37,'sapiente','1986-04-17 11:12:27','2006-10-19 13:32:13'),(38,'perspiciatis','2014-12-08 10:39:01','2013-06-26 08:29:29'),(39,'aliquid','1999-09-30 21:11:03','1986-05-21 06:23:35'),(40,'voluptatibus','2001-03-27 07:53:01','1971-04-21 10:51:32'),(41,'in','2007-05-30 22:04:04','1970-06-17 02:29:42'),(42,'corporis','2016-09-11 09:39:15','1984-05-18 06:36:56'),(43,'laborum','2019-08-09 10:02:40','2003-10-12 05:57:23'),(44,'dolorem','1974-12-28 05:21:32','1985-07-30 15:24:40'),(45,'voluptas','1978-03-19 18:16:44','1972-03-19 11:38:24'),(46,'nobis','2008-03-05 14:41:13','1982-05-16 02:51:55'),(47,'placeat','1998-04-23 11:14:07','1983-04-26 09:12:18'),(48,'eveniet','1993-12-04 04:35:54','1992-08-04 03:38:46'),(49,'eligendi','1986-07-03 12:44:40','1971-05-18 13:53:49'),(50,'voluptates','2014-08-22 09:18:17','1992-12-26 04:15:34'),(51,'sequi','1971-06-30 17:06:33','1998-08-12 08:42:11'),(52,'repudiandae','1994-06-13 06:12:51','1977-06-17 21:55:02'),(53,'quas','1973-04-28 08:31:21','1983-06-01 12:14:03'),(54,'odit','1987-03-11 20:12:29','2014-10-12 15:49:29'),(55,'tenetur','2007-02-28 06:39:01','1983-12-17 02:42:05'),(56,'assumenda','2007-08-13 17:53:16','2009-08-31 10:09:01'),(57,'dolores','2015-02-24 07:52:32','1978-11-16 05:44:10'),(58,'aut','2019-04-23 00:30:16','1990-03-29 11:19:54'),(59,'quis','2003-12-24 10:19:03','1978-11-29 07:15:21'),(60,'a','1977-07-02 17:44:29','1992-02-21 18:18:13'),(61,'beatae','1988-08-24 09:05:51','2007-02-28 19:13:53'),(62,'minus','2019-05-28 22:57:09','2009-12-31 07:28:17'),(63,'voluptatum','1976-01-26 01:01:04','1980-05-22 08:08:52'),(64,'sint','1984-02-09 10:16:46','1973-10-12 17:25:35'),(65,'sit','1978-12-20 20:47:39','2009-07-18 08:36:24'),(66,'veritatis','1991-06-01 19:23:50','2014-08-16 07:57:54'),(67,'repellendus','2013-08-25 15:05:09','2011-03-23 00:32:17'),(68,'provident','1999-07-19 18:41:47','1991-04-17 09:25:33'),(69,'possimus','2003-03-19 14:41:56','1974-05-18 01:28:34'),(70,'cupiditate','2007-02-12 23:10:26','2003-06-18 18:13:51'),(71,'ducimus','1992-03-03 16:16:47','1998-11-02 12:20:28'),(72,'dolor','1975-02-02 07:49:14','2015-05-08 11:02:17'),(73,'consectetur','1985-06-20 04:07:12','2005-09-23 10:25:14'),(74,'harum','2010-03-12 12:26:07','1996-01-29 01:50:31'),(75,'doloremque','2014-03-04 10:40:04','2013-03-29 14:25:39'),(76,'odio','1981-04-27 10:22:23','1982-10-24 07:37:40'),(77,'eum','1994-06-13 10:00:03','2015-11-09 09:50:20'),(78,'dicta','2005-10-24 01:00:00','2008-05-27 18:09:36'),(79,'expedita','1972-07-23 06:36:12','1986-01-22 10:16:03'),(80,'earum','1987-02-20 18:40:58','2011-08-04 21:17:03'),(81,'laboriosam','2004-08-03 07:48:09','2004-01-11 17:57:12'),(82,'libero','1971-05-19 11:14:13','1987-02-09 21:22:47'),(83,'id','1997-07-13 18:17:20','2010-01-26 05:44:25'),(84,'eius','1975-07-17 02:19:09','2008-08-07 22:16:26'),(85,'aspernatur','2006-03-18 11:48:01','2014-07-30 07:20:54'),(86,'nam','2011-02-06 23:29:46','2016-07-17 05:37:27'),(87,'quod','1994-04-15 09:20:23','1996-07-17 18:36:10'),(88,'dolore','1976-04-13 21:03:44','1985-11-26 09:40:57'),(89,'quia','1972-05-05 23:25:30','2020-10-18 14:45:01'),(90,'accusantium','1970-09-30 01:01:11','2003-11-30 16:20:12'),(91,'similique','2000-09-11 02:04:35','1993-11-23 01:12:47'),(92,'labore','2016-11-10 12:36:19','2010-02-04 05:47:58'),(93,'nostrum','1977-03-28 02:34:35','1977-12-05 04:10:10'),(94,'non','2011-03-02 15:04:10','1970-03-14 11:59:33'),(95,'inventore','1997-07-06 22:42:50','2005-04-07 02:33:45'),(96,'aperiam','1979-07-22 23:05:05','2015-05-24 00:19:27'),(97,'illum','1998-05-27 06:39:16','1977-09-15 06:08:11'),(98,'voluptatem','2006-08-22 07:07:09','1986-09-03 02:29:37'),(99,'quibusdam','1976-09-20 05:45:23','1976-12-30 02:44:30'),(100,'soluta','2000-09-30 10:28:18','1996-01-18 16:15:52'),(101,'photo','2021-04-13 18:32:54','2021-04-13 18:32:54'),(102,'audio','2021-04-13 18:32:54','2021-04-13 18:32:54'),(103,'video','2021-04-13 18:32:54','2021-04-13 18:32:54'),(104,'acc','2021-04-13 18:32:54','2021-04-13 18:32:54'),(105,'gif','2021-04-13 18:32:54','2021-04-13 18:32:54');
/*!40000 ALTER TABLE `media_types` ENABLE KEYS */;
UNLOCK TABLES;

--
-- Table structure for table `message_statuses`
--

DROP TABLE IF EXISTS `message_statuses`;
/*!40101 SET @saved_cs_client     = @@character_set_client */;
/*!50503 SET character_set_client = utf8mb4 */;
CREATE TABLE `message_statuses` (
  `id` int unsigned NOT NULL AUTO_INCREMENT COMMENT 'Идентификатор строки',
  `name` varchar(150) NOT NULL COMMENT 'Название статуса',
  `created_at` datetime DEFAULT CURRENT_TIMESTAMP COMMENT 'Время создания строки',
  `updated_at` datetime DEFAULT CURRENT_TIMESTAMP ON UPDATE CURRENT_TIMESTAMP COMMENT 'Время обновления строки',
  PRIMARY KEY (`id`),
  UNIQUE KEY `name` (`name`)
) ENGINE=InnoDB AUTO_INCREMENT=101 DEFAULT CHARSET=utf8mb4 COLLATE=utf8mb4_0900_ai_ci COMMENT='Статусы сообщений';
/*!40101 SET character_set_client = @saved_cs_client */;

--
-- Dumping data for table `message_statuses`
--

LOCK TABLES `message_statuses` WRITE;
/*!40000 ALTER TABLE `message_statuses` DISABLE KEYS */;
INSERT INTO `message_statuses` VALUES (1,'qui','1994-12-21 23:39:15','1987-01-17 19:27:47'),(2,'similique','1976-02-29 10:52:43','2006-11-20 13:46:25'),(3,'dicta','1979-05-10 12:24:07','1979-04-06 16:11:51'),(4,'minima','2010-03-18 22:05:54','1989-07-01 08:37:41'),(5,'odio','1972-12-06 01:29:47','1984-04-08 23:03:31'),(6,'velit','1972-10-16 05:47:48','2019-03-12 02:32:36'),(7,'et','1994-11-11 22:48:52','1980-01-15 23:09:26'),(8,'consequatur','1996-03-08 19:42:45','1998-01-17 02:19:07'),(9,'maiores','1988-12-19 07:45:22','1972-02-13 16:38:28'),(10,'vel','2000-02-24 09:02:22','2012-11-18 09:48:34'),(11,'totam','2018-02-20 02:28:16','1980-02-28 08:19:59'),(12,'amet','1990-06-21 04:15:56','1980-01-05 17:19:08'),(13,'ut','2007-02-20 20:08:49','1993-04-18 19:01:22'),(14,'laborum','2007-10-19 13:53:47','2014-03-17 10:06:44'),(15,'nisi','1975-09-06 13:51:34','1995-08-04 17:19:16'),(16,'aut','1970-04-30 15:54:17','2009-08-07 10:36:43'),(17,'officia','2009-05-14 14:01:33','1988-09-25 18:54:22'),(18,'est','2005-06-09 00:57:16','2005-06-02 11:44:33'),(19,'veniam','1990-05-30 06:26:45','2005-12-30 10:52:27'),(20,'consequuntur','1986-08-25 02:07:03','1980-04-12 06:38:16'),(21,'maxime','1996-07-21 01:48:20','2016-06-24 06:29:48'),(22,'excepturi','1992-05-02 22:29:14','2007-03-02 05:41:22'),(23,'numquam','2018-12-31 01:02:37','1983-02-27 02:37:57'),(24,'temporibus','2002-10-06 16:58:35','1994-01-10 18:29:01'),(25,'magnam','1997-07-26 13:36:35','1995-04-12 22:48:25'),(26,'nemo','2020-01-12 04:30:07','1971-04-23 09:24:27'),(27,'enim','2011-11-02 20:46:25','2014-01-26 10:46:31'),(28,'nostrum','1977-10-04 17:01:33','1996-07-19 23:58:31'),(29,'accusamus','2014-06-06 06:57:55','2010-12-08 02:55:07'),(30,'repudiandae','1974-03-14 14:23:40','2019-04-14 02:46:58'),(31,'perspiciatis','2010-04-09 14:41:03','2003-04-22 19:00:53'),(32,'autem','2020-10-07 11:07:29','1990-11-23 17:36:05'),(33,'voluptatem','1971-05-03 19:39:48','1980-10-15 11:58:16'),(34,'aliquid','1982-07-25 21:30:55','1997-02-06 21:21:22'),(35,'alias','2004-05-10 13:34:58','1984-09-04 11:51:01'),(36,'sequi','2005-05-24 10:44:14','2018-11-21 12:51:08'),(37,'placeat','1971-09-02 21:11:58','2000-03-29 04:58:20'),(38,'ea','1974-02-16 12:05:57','2018-04-22 12:45:58'),(39,'sit','2014-08-25 16:25:58','2007-01-20 00:40:46'),(40,'at','2017-09-17 06:15:57','1975-05-08 09:43:17'),(41,'veritatis','1981-01-23 07:38:46','2016-05-31 22:59:32'),(42,'porro','2002-07-31 05:09:50','1973-07-18 12:47:01'),(43,'ipsum','1985-05-31 10:22:06','1988-05-22 12:32:36'),(44,'iste','1997-07-16 10:33:47','1977-06-04 16:46:10'),(45,'iusto','1997-02-04 22:01:23','1992-01-23 18:12:56'),(46,'a','2021-03-07 13:50:44','2017-01-05 05:40:04'),(47,'sint','2009-07-14 11:26:03','1976-04-13 13:03:34'),(48,'harum','1978-07-17 13:06:35','1971-10-12 19:05:30'),(49,'quia','1970-04-06 11:59:40','2012-03-27 08:28:00'),(50,'corporis','2008-09-11 22:18:48','2016-10-08 06:21:39'),(51,'rem','2012-04-24 00:53:35','2009-01-07 12:58:54'),(52,'quos','2009-04-22 16:02:51','2002-04-18 19:09:24'),(53,'fugit','1978-01-25 01:55:09','1980-04-28 12:04:55'),(54,'voluptates','1982-06-18 06:53:33','2013-06-08 18:23:34'),(55,'laudantium','1994-08-15 17:59:56','1990-11-17 06:20:11'),(56,'saepe','1995-08-08 11:09:27','1987-08-24 17:53:00'),(57,'eaque','1975-04-19 08:30:46','1991-01-12 19:39:32'),(58,'possimus','2011-05-10 15:37:06','1979-07-03 10:38:42'),(59,'beatae','1983-04-26 13:45:01','2018-07-23 21:01:33'),(60,'necessitatibus','1985-12-10 13:18:51','2008-12-11 13:49:53'),(61,'omnis','1993-02-12 01:19:35','1993-07-20 17:53:24'),(62,'tempore','2017-02-27 19:30:23','1987-06-02 11:06:13'),(63,'distinctio','1981-07-19 22:10:39','2018-12-10 18:52:09'),(64,'optio','1976-09-22 16:33:56','1997-12-15 02:56:44'),(65,'id','1979-07-23 20:11:03','2020-04-30 20:26:07'),(66,'explicabo','1972-02-14 16:20:21','1983-01-05 06:09:47'),(67,'non','2013-08-20 09:28:31','1984-04-24 05:18:50'),(68,'nam','2008-05-02 02:22:24','2005-06-19 12:17:05'),(69,'eum','1978-07-24 14:44:17','1983-08-29 08:24:37'),(70,'in','1981-01-17 09:50:05','2000-04-13 21:21:04'),(71,'ullam','2013-06-26 20:22:14','2009-03-06 08:12:12'),(72,'cumque','2008-09-17 18:57:43','1976-07-14 23:58:26'),(73,'molestias','2013-05-03 08:05:34','1983-09-26 11:07:17'),(74,'pariatur','1993-10-20 08:46:55','2006-10-04 17:50:02'),(75,'dolore','1985-09-02 09:54:15','2012-05-27 07:22:43'),(76,'doloremque','1998-12-16 05:53:44','2017-03-19 12:52:57'),(77,'voluptatibus','1980-07-31 03:25:18','1990-08-28 23:41:53'),(78,'natus','2014-07-17 22:20:38','1988-09-06 05:45:15'),(79,'dolores','1986-10-04 16:44:40','2014-04-27 12:28:33'),(80,'hic','2013-10-12 09:45:07','1995-08-10 11:39:20'),(81,'incidunt','1999-10-17 11:16:42','1984-03-04 08:39:36'),(82,'dolorem','2014-11-10 07:44:21','2006-01-04 14:10:18'),(83,'nobis','1992-04-26 14:30:36','1990-08-19 06:37:11'),(84,'perferendis','1998-02-08 22:33:03','2015-07-19 13:11:32'),(85,'rerum','1994-12-23 08:39:53','2013-04-07 22:50:06'),(86,'deleniti','1992-12-25 21:17:52','1977-04-28 14:39:23'),(87,'ipsa','1981-08-28 18:55:53','1998-11-10 05:31:41'),(88,'illum','2005-06-23 09:56:46','2014-01-06 23:44:27'),(89,'minus','2016-11-20 06:29:25','1979-08-20 20:34:18'),(90,'recusandae','2001-10-14 12:33:46','1971-11-13 17:20:47'),(91,'reprehenderit','1975-04-11 16:46:24','2006-03-13 15:27:42'),(92,'quisquam','1995-04-17 12:37:06','2004-05-20 03:33:21'),(93,'repellendus','1988-08-16 07:34:27','1989-03-03 17:15:39'),(94,'quidem','1984-12-14 12:20:00','1979-10-05 22:24:33'),(95,'aliquam','1999-02-19 13:28:34','1975-08-26 01:39:07'),(96,'vero','1998-03-27 23:17:48','1999-07-30 19:05:13'),(97,'provident','2007-11-16 16:37:08','1977-08-01 10:36:17'),(98,'officiis','1988-05-06 03:09:36','2016-07-18 05:29:02'),(99,'quae','1995-05-07 12:25:00','1971-11-03 17:05:05'),(100,'unde','1997-11-25 19:43:39','2001-02-06 07:18:56');
/*!40000 ALTER TABLE `message_statuses` ENABLE KEYS */;
UNLOCK TABLES;

--
-- Table structure for table `messages`
--

DROP TABLE IF EXISTS `messages`;
/*!40101 SET @saved_cs_client     = @@character_set_client */;
/*!50503 SET character_set_client = utf8mb4 */;
CREATE TABLE `messages` (
  `id` int unsigned NOT NULL AUTO_INCREMENT COMMENT 'Идентификатор строки',
  `from_user_id` int unsigned NOT NULL COMMENT 'Ссылка на отправителя сообщения',
  `to_user_id` int unsigned NOT NULL COMMENT 'Ссылка на получателя сообщения',
  `body` text NOT NULL COMMENT 'Текст сообщения',
  `is_important` tinyint(1) DEFAULT NULL COMMENT 'Признак важности',
  `is_delivered` tinyint(1) DEFAULT NULL COMMENT 'Признак доставки',
  `created_at` datetime DEFAULT CURRENT_TIMESTAMP COMMENT 'Время создания строки',
  `status_id` int unsigned NOT NULL,
  `media_id` int unsigned DEFAULT NULL,
  PRIMARY KEY (`id`),
  KEY `fk_media_id` (`status_id`),
  KEY `fk_messages_users_1` (`from_user_id`),
  KEY `fk_messages_users_2` (`to_user_id`),
  CONSTRAINT `fk_messages_users_1` FOREIGN KEY (`from_user_id`) REFERENCES `users` (`id`),
  CONSTRAINT `fk_messages_users_2` FOREIGN KEY (`to_user_id`) REFERENCES `users` (`id`)
) ENGINE=InnoDB AUTO_INCREMENT=101 DEFAULT CHARSET=utf8mb4 COLLATE=utf8mb4_0900_ai_ci COMMENT='Сообщения';
/*!40101 SET character_set_client = @saved_cs_client */;

--
-- Dumping data for table `messages`
--

LOCK TABLES `messages` WRITE;
/*!40000 ALTER TABLE `messages` DISABLE KEYS */;
INSERT INTO `messages` VALUES (1,1,8,'Voluptatem iure repellendus ut iusto dolorem dolorum ipsa. Qui eum qui necessitatibus eos alias quo. Ut voluptas est minima nihil est. Sunt esse vel debitis quis aut architecto molestiae.',1,0,'2016-03-24 07:48:28',1,1),(2,2,5,'Est ut aut molestiae. Voluptatem nisi quia et ut. Accusamus iusto nesciunt consequuntur iure est omnis et.',0,1,'1990-09-03 00:29:07',2,2),(3,3,6,'Dignissimos in occaecati quo temporibus qui ut sed eos. Sit error natus et voluptatem possimus cum. Iste id consequatur expedita accusantium. Repellendus quia ea nostrum et.',1,1,'2017-02-24 18:06:19',3,3),(4,4,9,'Laboriosam quos vero sapiente qui. Voluptate culpa consequatur magni dignissimos iure quia. Quis veniam perspiciatis hic nulla.',0,1,'1982-12-31 00:06:36',4,4),(5,5,1,'Sit quas quae tenetur fuga ratione ipsam et. Incidunt molestias atque quod unde. Non tenetur molestiae suscipit sed.',0,0,'1978-04-04 10:42:25',5,5),(6,6,1,'Necessitatibus iste quo rerum. Est nihil aut autem enim. Veniam soluta adipisci eum odio.',1,1,'2017-10-22 15:46:36',6,6),(7,7,7,'Totam non qui rerum laborum molestias aut. Consequatur voluptatem ipsam ab perferendis ut natus excepturi. Sunt ea dolor et ipsum dignissimos est. Qui nihil modi similique vel nulla.',0,1,'1986-06-15 02:18:21',7,7),(8,8,8,'Minus dolor neque rem velit cumque illum nihil. Totam a consequatur et est. Tempore itaque sunt aut aut facere quam.',1,1,'2003-06-08 12:51:27',8,8),(9,9,3,'Velit harum unde voluptates aut sequi. Vitae non et et illo. Vitae iusto quasi quos nisi rerum est iure.',0,1,'2004-09-29 03:38:18',9,9),(10,10,3,'Tempora nulla in sapiente error doloremque explicabo dolor sed. Molestias incidunt aut autem rerum. Sed ipsum quasi animi a unde a minus quibusdam. Magni qui voluptatum sit sint.',1,0,'2002-10-22 15:50:05',10,10),(11,11,5,'Quisquam et eum qui accusamus dignissimos perferendis. Quae placeat unde id iure laborum quia quia. Voluptatem totam illo quo qui rerum.',1,1,'1975-07-10 14:04:51',11,11),(12,12,3,'Quas repudiandae qui itaque accusamus. Fugit minus quia aut. Ea repudiandae saepe nihil ut aut soluta. Quam dolorem aut voluptatem natus et.',0,0,'1989-02-20 00:17:28',12,12),(13,13,9,'Eligendi omnis et culpa repellendus unde. Quos sunt molestiae repellendus dolor recusandae vero vel. Est omnis aspernatur a officiis.',1,0,'2009-11-30 14:28:02',13,13),(14,14,1,'Tempore tempore sunt ea expedita. Omnis quod minus aut. Error saepe ea reiciendis facilis cum ex.',0,1,'1990-04-14 22:16:45',14,14),(15,15,1,'Qui cum ut tempore et doloribus. Tempora ut ut animi explicabo. Id facere et est sint. Quaerat eum nihil illum.',0,1,'1990-03-18 05:26:36',15,15),(16,16,6,'Nisi autem temporibus corrupti hic fugiat qui aut. Molestiae facere architecto corporis optio. Eos sequi nesciunt soluta ducimus provident qui minus culpa. Aut maxime qui nemo eos.',1,0,'2003-06-10 03:24:43',16,16),(17,17,9,'Cumque at debitis quaerat blanditiis. Quae facilis repellat consectetur repellat voluptatem id necessitatibus. Dicta voluptate sint soluta voluptatem et et nihil ex.',0,0,'1980-08-25 12:05:09',17,17),(18,18,4,'Ipsa repellendus sit tenetur fugiat rerum aut ut distinctio. Veritatis est omnis quasi cupiditate dolor quis. Voluptatem rerum quae expedita dolor rerum. Enim quia nihil saepe in.',1,0,'2013-06-03 09:24:10',18,18),(19,19,3,'Consectetur corporis cum voluptatum nisi rerum odio. Illo voluptatem amet enim at architecto quia est. Et similique reprehenderit vitae reiciendis nostrum.',0,0,'1993-10-01 17:01:08',19,19),(20,20,3,'Quasi aut incidunt error. Occaecati cum quia et et sit ut ut. Et accusamus iure culpa eos incidunt. Sit rem expedita expedita commodi itaque blanditiis.',1,0,'2007-08-25 04:15:16',20,20),(21,21,6,'Ut voluptatibus aut non nihil qui consectetur sed. Voluptatibus ipsum ad beatae aperiam molestias. Quis debitis numquam modi accusamus perferendis magnam deserunt voluptatem.',1,0,'1987-08-20 20:02:03',21,21),(22,22,1,'Repellat earum molestiae labore quia perferendis consectetur id. Dolor ut vel soluta eos totam consequatur dolorem. Ab at facilis dolores sit qui ut.',1,0,'1977-06-28 09:49:02',22,22),(23,23,4,'Veniam facilis ipsum hic atque neque corrupti sed accusantium. Omnis ratione aut amet voluptatem. Est tenetur molestiae nihil eos est aut.',0,1,'1976-09-15 16:49:47',23,23),(24,24,9,'Vel repudiandae doloremque quis unde omnis et quia. Omnis occaecati qui mollitia quae. Qui eum sunt autem in.',1,0,'1998-05-25 11:52:19',24,24),(25,25,3,'Blanditiis laborum rem sit rerum amet aut. Accusamus aperiam itaque quos id ut est. Et iure nihil quod velit.',1,1,'1975-10-21 15:06:37',25,25),(26,26,2,'Non modi dolores vel rerum suscipit. Nisi totam quos optio magnam. Molestiae excepturi natus veniam fugit quo suscipit doloribus. Maiores voluptate repellendus possimus blanditiis.',1,0,'2019-03-13 18:33:40',26,26),(27,27,9,'Et modi qui sed voluptatem a eos reprehenderit quia. Maiores ut veritatis consectetur molestias est soluta aut. Nihil maiores voluptate doloribus cupiditate voluptatem.',1,1,'2002-09-23 22:00:58',27,27),(28,28,2,'Possimus reprehenderit aut sunt consequatur. Porro aliquam iure sit molestiae dolores fugit. Odio doloribus tempora ea fugit non. Consequatur qui qui maiores praesentium voluptatem excepturi qui.',0,1,'1987-02-04 18:46:19',28,28),(29,29,8,'Non nihil molestiae reiciendis ut fugiat. Quis expedita numquam soluta explicabo aperiam ex mollitia. Laboriosam minima recusandae a et rem.',0,0,'1977-11-29 00:48:41',29,29),(30,30,8,'Voluptatem vitae sit hic blanditiis tenetur perspiciatis expedita in. Distinctio reiciendis consequatur nam.',0,1,'1975-11-03 15:10:30',30,30),(31,31,3,'Corporis harum iusto repellendus tenetur officiis. Eos iste alias fugit quos sit totam sequi. Quibusdam aperiam sed nihil aspernatur commodi quaerat. Dolores ex sint accusamus numquam inventore fugit distinctio.',1,0,'1995-01-27 11:29:50',31,31),(32,32,3,'Ut quae voluptates reiciendis fuga. Id molestiae consectetur suscipit necessitatibus ex officiis. Eos est sed omnis natus aut qui. Sit id id provident commodi ut beatae.',0,1,'2020-07-27 00:27:12',32,32),(33,33,5,'Ut dicta exercitationem placeat est quia officia. Vero quas et rerum. Quaerat iste quaerat repellendus quia et illum praesentium beatae.',1,1,'2016-06-30 23:39:07',33,33),(34,34,6,'Illum sed consequuntur totam consectetur. Earum ullam sit suscipit et et. Ut et ut ut nostrum.',1,1,'1990-01-14 02:38:33',34,34),(35,35,3,'Iusto amet officia quia officia molestiae. Repellat fuga est aut qui ducimus commodi dolorum. Voluptas provident autem earum facilis qui. Eveniet non consequatur adipisci et dolore mollitia.',1,1,'1972-10-23 10:46:42',35,35),(36,36,1,'Id commodi nostrum fugiat. In iusto sed aut et reprehenderit iste necessitatibus. Incidunt rerum dicta dolores dolor earum id numquam quis. Et ea et officiis.',1,0,'1996-09-18 15:59:14',36,36),(37,37,4,'Perferendis fugiat cum ex expedita voluptatem cumque aut vero. Ut dolores quisquam soluta neque sit aut. Doloribus molestiae fugiat voluptatem repellat.',0,0,'1989-11-12 16:28:13',37,37),(38,38,4,'Et aut autem nemo veniam ipsum. Itaque consectetur incidunt rerum porro culpa veritatis. Labore rerum rerum culpa nihil. Pariatur nobis est soluta doloribus animi ipsam. At perspiciatis ullam doloremque accusamus deserunt temporibus aut.',0,0,'1995-05-07 10:22:26',38,38),(39,39,4,'Est assumenda et cupiditate. Qui repellat autem in. Ipsum eos ut qui doloremque est suscipit.',1,1,'1972-10-12 23:54:37',39,39),(40,40,3,'Dolor eveniet aut praesentium culpa. Beatae non facere autem. Non sapiente voluptas soluta ea fuga eaque.',0,1,'1984-06-18 05:05:49',40,40),(41,41,1,'Perspiciatis ratione quia enim laboriosam dolorem sunt. Cum consequuntur ut fugit ipsum. Et aspernatur perspiciatis impedit molestiae.',0,1,'1983-05-22 03:12:58',41,41),(42,42,3,'Iure fugiat sit cupiditate eos qui. Voluptas voluptatum sint ut ab minima. Quo nihil libero laborum earum ipsum est. Expedita exercitationem distinctio ut ut ut.',0,1,'2010-02-04 15:45:49',42,42),(43,43,5,'Sunt temporibus nihil autem sit. Necessitatibus accusantium et mollitia nemo autem. Rerum placeat totam ut est dolores.',1,0,'2010-07-23 23:05:40',43,43),(44,44,1,'Quisquam quidem molestias et cupiditate. Et delectus quasi sequi maxime et.',0,0,'1994-05-21 07:33:04',44,44),(45,45,1,'Quas enim porro placeat sunt mollitia quod fugiat. A est dolor deleniti dignissimos. Voluptatibus quos accusamus neque quia impedit magnam.',1,0,'2017-12-31 01:26:42',45,45),(46,46,9,'Porro nobis eligendi aut aut porro ut. Dolores sit voluptatem unde id. Dicta facere commodi quia assumenda aperiam. Deleniti sit exercitationem perspiciatis rerum.',1,0,'1988-01-05 22:34:53',46,46),(47,47,6,'Sunt voluptatibus eum delectus ut. Unde voluptates molestiae harum tempore ea in. Qui qui rerum quo velit et molestias qui.',0,0,'2007-02-06 11:25:28',47,47),(48,48,1,'Est neque sed odio culpa. Similique non quae voluptas doloribus. Enim sint nihil provident sequi ut. Doloremque corporis blanditiis repudiandae.',1,0,'2011-02-10 12:01:18',48,48),(49,49,9,'Officia natus at facere nulla debitis et aut et. Exercitationem et qui qui consequatur sapiente hic.',1,1,'2018-10-29 21:21:06',49,49),(50,50,7,'Odit perspiciatis vero molestiae earum eos corporis et voluptatem. Corporis nobis ut dolores placeat a similique.',1,1,'1988-08-06 20:58:57',50,50),(51,51,3,'Tempora quam sapiente quas enim illum. Modi animi voluptatem et et quas.',0,1,'1995-01-26 19:36:20',51,51),(52,52,2,'Beatae explicabo nihil est ut qui. Veniam explicabo necessitatibus dicta ullam maxime natus.',0,1,'1980-01-14 08:04:05',52,52),(53,53,1,'Non tenetur voluptatem voluptas magni quis vero natus quia. Quas error libero quas magni ut eum. Libero culpa sed eligendi officiis. Rerum consectetur iste ut quibusdam et facilis.',0,1,'1982-07-05 01:28:35',53,53),(54,54,7,'Exercitationem deserunt iure illum distinctio omnis sit. Alias magnam sint voluptate dolor quos laborum. Repudiandae molestiae rerum at earum perspiciatis et. Et voluptatem dolor deserunt iure ut provident fugit.',1,0,'2019-01-25 00:38:42',54,54),(55,55,9,'Qui voluptas qui facere eum. Deleniti aliquid nostrum laudantium omnis aut voluptatem ipsa. Consequuntur numquam at dolorem eaque ut dolor.',0,0,'1975-05-10 02:58:41',55,55),(56,56,3,'Nobis sed autem illo. Temporibus ut aliquam veniam dolores nemo libero. Accusamus eos nihil dolorem est sit.',0,1,'2018-11-02 06:22:18',56,56),(57,57,5,'Autem quia voluptatem reprehenderit nesciunt officia. Dolore et maiores velit blanditiis. Saepe fugit unde rerum dolor adipisci quisquam. Quisquam nemo et dolorem aut.',1,0,'1994-01-12 17:36:28',57,57),(58,58,1,'Corporis sit quo a accusamus accusamus eveniet sint placeat. Doloremque omnis rem voluptates voluptatem et id quo. Reiciendis et qui vel ipsa voluptatem deleniti debitis facilis.',1,0,'2020-03-26 18:04:40',58,58),(59,59,5,'Vel rem saepe id vitae. Aut rerum unde illum aliquam autem at maiores. Omnis ipsa aut dolor velit deleniti numquam officia.',1,1,'1975-12-31 22:40:13',59,59),(60,60,3,'Et minus atque accusamus aut possimus delectus. Et ea laudantium repudiandae quidem. Odio laudantium repellendus iusto explicabo. Nulla explicabo qui nihil explicabo pariatur. Et vel odio tempore vel iusto deleniti repudiandae.',1,0,'1977-10-05 07:49:58',60,60),(61,61,9,'Aut et rerum hic minus dolorem ea. Debitis repudiandae corporis nemo molestias incidunt. Vero fugit sint sint sunt qui deleniti.',1,0,'2010-12-18 08:54:47',61,61),(62,62,5,'Qui delectus quae et nobis natus culpa laboriosam ullam. Aliquid quidem maxime in saepe laboriosam debitis. Quos quisquam dicta eum. Saepe et excepturi autem velit vel qui ratione.',1,0,'2020-12-08 04:59:26',62,62),(63,63,2,'Qui perferendis rerum eum accusamus voluptatem. Omnis debitis dolores perferendis. Ex ab repudiandae sed et. Nesciunt minima laborum est minima et ut. Exercitationem quidem molestias placeat ut commodi neque deserunt.',0,0,'1978-04-14 20:22:59',63,63),(64,64,5,'Iure illum perspiciatis enim ut iure. Culpa qui ratione maxime unde beatae. Eius velit esse quia provident.',0,0,'1990-09-13 22:50:20',64,64),(65,65,8,'Iste in at quod praesentium consequatur. Non impedit soluta officiis laboriosam voluptatum occaecati nostrum. In delectus dolor et totam repellat voluptatibus sed.',0,1,'2012-04-16 12:26:03',65,65),(66,66,1,'Occaecati molestiae qui non sit et doloremque et. Non officiis et fuga. Recusandae mollitia et minus sequi voluptas sit.',1,1,'2011-06-24 03:23:09',66,66),(67,67,7,'Qui maxime asperiores ut voluptatum incidunt doloremque pariatur. Vel aliquam autem doloribus et officia. Modi itaque autem nobis ut. Dolores cumque unde a sit.',0,0,'1978-03-04 18:10:13',67,67),(68,68,1,'Laborum adipisci quibusdam nesciunt ea ullam ut. Reprehenderit et ut dolorum ea. Consequatur veniam nostrum qui sit aut.',1,0,'1973-11-01 09:36:32',68,68),(69,69,7,'Dolorum architecto qui debitis id. Tempore consequatur eos minima et enim. Velit ducimus ut et.',0,0,'2008-09-27 23:20:25',69,69),(70,70,5,'Fugit et enim voluptatem. Eligendi animi omnis nemo aliquid quia nemo.',0,0,'2016-05-24 21:15:07',70,70),(71,71,4,'Et eaque pariatur veritatis eveniet asperiores cupiditate. Corrupti enim odio quasi molestiae. Ut recusandae accusamus enim laudantium eius omnis. Odit sit quia aut autem.',1,0,'1981-09-08 14:12:45',71,71),(72,72,6,'A neque et sed explicabo. Porro porro voluptatem vero et. Qui et omnis recusandae quibusdam. Tenetur quis delectus repudiandae nobis perspiciatis.',0,1,'1990-03-07 08:04:48',72,72),(73,73,1,'Aliquid sit perferendis autem in unde qui. Numquam est quia cumque quidem et impedit. Optio impedit quibusdam quo animi eius voluptatem.',0,0,'2019-05-19 15:15:42',73,73),(74,74,7,'Animi ratione totam culpa iure. Quia qui iure consequatur perferendis dolorum ut.',0,1,'1979-08-10 09:00:41',74,74),(75,75,5,'Repellendus fugit odit quos repellendus dolores sunt excepturi. Iure aut fuga veritatis ratione. Eius et voluptatum quo. Nostrum voluptatum doloremque ipsa rerum omnis.',0,1,'1971-07-14 20:21:04',75,75),(76,76,9,'Voluptatibus qui sint accusantium soluta. Voluptas officia sunt culpa voluptatem porro voluptatum assumenda. Ut eaque aspernatur quam eum natus qui ipsam.',0,1,'1980-06-14 02:42:07',76,76),(77,77,3,'Voluptas alias repellendus eligendi repellendus. Quos ea perferendis iusto et et.',0,1,'2005-04-29 01:19:26',77,77),(78,78,7,'Perferendis nisi quae ut sed ipsa aspernatur consequuntur cupiditate. Quo rerum eligendi et perferendis vel ut. Et autem et sit corrupti voluptate non explicabo at. Omnis optio mollitia amet.',0,0,'1986-02-15 18:40:26',78,78),(79,79,1,'Voluptas inventore facere aspernatur dolor sit et et. Rerum modi voluptatem ullam deserunt ut debitis architecto. Possimus nemo quam qui.',1,0,'1982-04-11 11:38:54',79,79),(80,80,4,'Ipsam quo quisquam et maiores ab quia. Doloribus delectus vel mollitia pariatur et. Enim voluptas adipisci et quae veritatis repellendus ut. Dolorum ut quod dicta aut ratione ut minus.',0,1,'1977-11-17 07:56:43',80,80),(81,81,8,'Ex illo ratione placeat ab. Dignissimos voluptate incidunt recusandae repellendus. Quia porro laborum est aut repellendus. Est velit ea dolorem quidem cumque sit non. Eos repellendus dolorem tenetur ipsum voluptas.',0,0,'1975-09-15 02:22:45',81,81),(82,82,4,'Necessitatibus similique corrupti velit ut vitae corporis necessitatibus. Doloribus possimus necessitatibus quo qui vel quibusdam. Et praesentium non optio blanditiis.',0,0,'2008-04-27 05:43:25',82,82),(83,83,1,'Magni dignissimos ut et minima facere natus amet. Deleniti cumque porro voluptatem totam quos. Quia facere voluptate quia et sed.',0,1,'1975-08-02 05:28:50',83,83),(84,84,7,'Dolore nihil dolorem sunt sit adipisci illo earum. Quaerat voluptatem quis suscipit omnis culpa repudiandae explicabo. Quidem provident quibusdam dolor aut vitae.',1,1,'1974-01-10 10:50:03',84,84),(85,85,7,'Asperiores non temporibus distinctio nam incidunt magni. Voluptas qui magnam in consequatur facilis praesentium. Temporibus autem at nesciunt debitis quia omnis nostrum.',0,1,'1981-06-25 09:01:03',85,85),(86,86,9,'Hic rem explicabo enim enim debitis dolorem. Debitis nihil autem id voluptas nulla aut asperiores cumque. At blanditiis aut veniam quas est dicta sit non. Laudantium est sed voluptatem ipsam aspernatur.',1,0,'2010-09-02 20:02:14',86,86),(87,87,4,'Dolor voluptate et similique aspernatur perferendis possimus molestiae. Blanditiis aliquam soluta earum et ut nam molestias. Alias rerum quia qui neque est.',0,1,'2001-07-02 17:51:44',87,87),(88,88,1,'Perferendis in aliquid architecto. Debitis corrupti rem adipisci omnis dolore quia et. Ad quasi quis sapiente tempore dolorem maiores. Cum earum itaque voluptas.',1,1,'1999-02-10 00:16:07',88,88),(89,89,3,'Velit error quis exercitationem id totam quis. Laudantium sint ex debitis voluptatem. Sunt culpa molestias officia incidunt excepturi. Reprehenderit est non facilis quis dolor aperiam ipsa.',1,1,'2010-10-07 10:46:30',89,89),(90,90,9,'Debitis vero optio dolore alias impedit. Voluptate recusandae veritatis voluptas. Praesentium earum quos possimus saepe. Iusto est ea qui est qui aut.',0,1,'1991-11-10 22:09:49',90,90),(91,91,5,'Blanditiis odit iusto blanditiis distinctio incidunt. Voluptas odio qui tempore a. Qui fugit quo qui inventore eveniet enim sit qui. Facere eaque dignissimos ea nesciunt at.',0,0,'1993-01-22 19:44:01',91,91),(92,92,5,'Non necessitatibus ipsa explicabo. Vitae qui suscipit doloremque. Aut consectetur ut ex maxime perferendis. Optio placeat aut neque voluptate.',1,1,'2019-06-09 18:15:24',92,92),(93,93,3,'Amet consequatur maxime aut a accusantium nostrum temporibus. Ullam et quia voluptates iure sequi eius harum.',1,0,'2017-05-15 06:57:46',93,93),(94,94,1,'Illo laborum voluptatem delectus omnis. Repudiandae velit facere architecto enim fuga sunt dolorem quo. Et cupiditate ducimus maxime quia sed rerum quia.',1,0,'2016-07-17 22:10:46',94,94),(95,95,9,'Eius repudiandae blanditiis illo similique voluptatem ipsam et cupiditate. Ut consequatur nisi soluta quisquam. Dicta dolore aut mollitia harum rerum voluptatem. Praesentium magnam nemo aspernatur omnis debitis consequatur facere.',0,1,'2020-10-30 13:35:46',95,95),(96,96,6,'Omnis sit nihil excepturi id voluptatem consequuntur quibusdam. Sed corporis ut cupiditate et qui est. At natus rerum consequatur sit beatae fuga et.',1,1,'2000-01-31 01:25:22',96,96),(97,97,8,'Est est eaque illum doloribus reprehenderit expedita. Explicabo nihil maiores sunt culpa ipsa vero consectetur. Placeat libero soluta nostrum vitae est occaecati. Quia tempore quae alias dignissimos inventore eaque quia.',0,0,'1986-02-17 05:43:21',97,97),(98,98,9,'Assumenda illum ipsum modi. Maxime voluptatum corporis ut consequatur. Voluptatum nihil consectetur ut ea. Quia eveniet illo numquam sit et alias magnam quis.',1,0,'1977-09-18 00:17:52',98,98),(99,99,7,'Tempora voluptas deserunt rerum rerum. Voluptates exercitationem suscipit eaque tempore ut. Quibusdam ipsum blanditiis ullam ex. Laudantium sequi voluptas voluptatem incidunt dignissimos.',0,1,'1980-10-31 21:40:50',99,99),(100,100,2,'Magnam ab ducimus minima magnam eaque. Officia ut mollitia rerum necessitatibus dolorem deserunt repudiandae. Quia eos animi quia quasi rerum ut deserunt. Totam at soluta nobis deserunt vel.',0,1,'2012-11-26 21:43:38',100,100);
/*!40000 ALTER TABLE `messages` ENABLE KEYS */;
UNLOCK TABLES;

--
-- Table structure for table `messages_likes`
--

DROP TABLE IF EXISTS `messages_likes`;
/*!40101 SET @saved_cs_client     = @@character_set_client */;
/*!50503 SET character_set_client = utf8mb4 */;
CREATE TABLE `messages_likes` (
  `id` int unsigned NOT NULL AUTO_INCREMENT COMMENT 'Идентификатор строки',
  `from_user_id` int unsigned NOT NULL COMMENT 'Ссылка на пользователя, который поставил лайк',
  `message_id` int unsigned NOT NULL COMMENT 'Ссылка на сообщение, которому поставили лайк',
  `created_at` datetime DEFAULT CURRENT_TIMESTAMP COMMENT 'Время проставления лайка',
  PRIMARY KEY (`id`)
) ENGINE=InnoDB AUTO_INCREMENT=101 DEFAULT CHARSET=utf8mb4 COLLATE=utf8mb4_0900_ai_ci COMMENT='Лайки сообщений';
/*!40101 SET character_set_client = @saved_cs_client */;

--
-- Dumping data for table `messages_likes`
--

LOCK TABLES `messages_likes` WRITE;
/*!40000 ALTER TABLE `messages_likes` DISABLE KEYS */;
INSERT INTO `messages_likes` VALUES (1,1,1,'1973-10-08 11:12:39'),(2,2,2,'1985-03-30 13:42:02'),(3,3,3,'1999-12-08 03:37:42'),(4,4,4,'1970-06-27 08:37:13'),(5,5,5,'1989-03-29 18:36:07'),(6,6,6,'1990-01-31 18:22:34'),(7,7,7,'2001-12-19 09:11:39'),(8,8,8,'2009-02-24 06:19:28'),(9,9,9,'1983-01-04 08:17:06'),(10,10,10,'2003-10-18 15:51:26'),(11,11,11,'2020-12-30 03:29:18'),(12,12,12,'2000-07-28 21:56:59'),(13,13,13,'2020-09-25 20:50:34'),(14,14,14,'2007-11-29 19:28:09'),(15,15,15,'2013-09-28 12:23:52'),(16,16,16,'1998-09-05 05:44:47'),(17,17,17,'1996-05-25 00:00:57'),(18,18,18,'1986-04-30 13:41:55'),(19,19,19,'2003-09-26 16:06:09'),(20,20,20,'1980-10-06 07:51:24'),(21,21,21,'1999-03-01 07:24:08'),(22,22,22,'2007-11-26 07:38:33'),(23,23,23,'1983-09-28 17:50:25'),(24,24,24,'1996-05-12 21:31:55'),(25,25,25,'2020-07-10 02:18:12'),(26,26,26,'2013-03-17 04:04:51'),(27,27,27,'2009-08-26 23:19:42'),(28,28,28,'1976-05-01 06:42:06'),(29,29,29,'1977-01-30 08:43:32'),(30,30,30,'1999-11-11 02:54:38'),(31,31,31,'2020-03-29 18:06:33'),(32,32,32,'1994-07-13 06:27:09'),(33,33,33,'2012-11-24 17:23:25'),(34,34,34,'2013-02-02 00:42:24'),(35,35,35,'1985-04-27 09:20:00'),(36,36,36,'1980-08-16 00:46:01'),(37,37,37,'1997-07-31 08:24:40'),(38,38,38,'2001-01-11 04:28:15'),(39,39,39,'2013-11-18 20:27:39'),(40,40,40,'2018-01-22 09:47:12'),(41,41,41,'1996-06-13 18:05:33'),(42,42,42,'2010-08-18 00:39:24'),(43,43,43,'1991-09-10 09:11:37'),(44,44,44,'2017-11-13 16:19:51'),(45,45,45,'1980-04-23 17:28:11'),(46,46,46,'1993-06-21 19:24:43'),(47,47,47,'1986-05-20 18:11:13'),(48,48,48,'2018-11-14 08:16:45'),(49,49,49,'1987-12-08 17:53:03'),(50,50,50,'2011-01-01 14:00:51'),(51,51,51,'1970-05-27 11:51:02'),(52,52,52,'1986-08-13 20:38:54'),(53,53,53,'2010-02-16 07:06:45'),(54,54,54,'1999-06-23 21:11:39'),(55,55,55,'2018-01-12 09:35:29'),(56,56,56,'1995-02-05 12:48:08'),(57,57,57,'2012-10-16 11:01:59'),(58,58,58,'1975-09-29 13:03:16'),(59,59,59,'2003-09-20 03:50:27'),(60,60,60,'1985-10-14 11:56:25'),(61,61,61,'1998-11-06 07:01:59'),(62,62,62,'2014-08-04 14:33:16'),(63,63,63,'1997-10-19 00:51:42'),(64,64,64,'1987-07-19 05:51:02'),(65,65,65,'1981-04-29 03:16:34'),(66,66,66,'1970-02-10 17:34:09'),(67,67,67,'1997-03-28 19:17:31'),(68,68,68,'1990-09-18 20:40:17'),(69,69,69,'2015-09-17 08:57:14'),(70,70,70,'1974-06-23 03:59:31'),(71,71,71,'2016-01-24 01:08:56'),(72,72,72,'2016-06-21 01:49:06'),(73,73,73,'2019-02-22 18:08:56'),(74,74,74,'1997-06-11 17:05:48'),(75,75,75,'1989-06-18 14:28:30'),(76,76,76,'1997-08-08 21:11:16'),(77,77,77,'1995-03-15 06:33:42'),(78,78,78,'1986-01-03 06:32:36'),(79,79,79,'1996-10-11 20:22:34'),(80,80,80,'1991-11-19 20:28:28'),(81,81,81,'1983-10-20 14:26:22'),(82,82,82,'2019-06-17 00:15:18'),(83,83,83,'1983-01-29 14:09:49'),(84,84,84,'2013-12-23 15:43:15'),(85,85,85,'1988-01-20 02:23:53'),(86,86,86,'2019-03-05 04:56:20'),(87,87,87,'2018-09-17 08:21:55'),(88,88,88,'2005-10-10 03:08:20'),(89,89,89,'2017-10-21 03:31:02'),(90,90,90,'1979-12-01 12:18:32'),(91,91,91,'1998-12-23 19:45:38'),(92,92,92,'2002-10-21 12:44:12'),(93,93,93,'2005-10-29 22:11:54'),(94,94,94,'1989-07-07 18:08:43'),(95,95,95,'1980-04-26 20:17:35'),(96,96,96,'1978-04-12 10:36:59'),(97,97,97,'1984-06-18 19:54:12'),(98,98,98,'2012-09-26 22:06:34'),(99,99,99,'1976-12-13 04:02:23'),(100,100,100,'2002-01-05 14:27:22');
/*!40000 ALTER TABLE `messages_likes` ENABLE KEYS */;
UNLOCK TABLES;

--
-- Table structure for table `profiles`
--

DROP TABLE IF EXISTS `profiles`;
/*!40101 SET @saved_cs_client     = @@character_set_client */;
/*!50503 SET character_set_client = utf8mb4 */;
CREATE TABLE `profiles` (
  `user_id` int unsigned NOT NULL COMMENT 'Ссылка на пользователя',
  `gender` char(1) NOT NULL COMMENT 'Пол',
  `birthday` date DEFAULT NULL COMMENT 'Дата рождения',
  `city` varchar(130) DEFAULT NULL COMMENT 'Город проживания',
  `country` varchar(130) DEFAULT NULL COMMENT 'Страна проживания',
  `created_at` datetime DEFAULT CURRENT_TIMESTAMP COMMENT 'Время создания строки',
  `updated_at` datetime DEFAULT CURRENT_TIMESTAMP ON UPDATE CURRENT_TIMESTAMP COMMENT 'Время обновления строки',
  PRIMARY KEY (`user_id`),
  CONSTRAINT `fk_profiles_users` FOREIGN KEY (`user_id`) REFERENCES `users` (`id`)
) ENGINE=InnoDB DEFAULT CHARSET=utf8mb4 COLLATE=utf8mb4_0900_ai_ci COMMENT='Профили';
/*!40101 SET character_set_client = @saved_cs_client */;

--
-- Dumping data for table `profiles`
--

LOCK TABLES `profiles` WRITE;
/*!40000 ALTER TABLE `profiles` DISABLE KEYS */;
INSERT INTO `profiles` VALUES (1,'','2012-11-04','Vivianneside','288132857','1988-02-21 11:30:36','2013-08-15 22:39:57'),(2,'','2011-12-04','Auerbury','3','2020-11-15 02:33:13','2010-12-14 15:54:44'),(3,'','1970-11-13','Lake Anderson','4206404','1970-11-11 07:52:09','1984-02-12 17:45:03'),(4,'','2006-06-19','Alveraside','5','2006-12-05 11:53:43','1999-06-05 22:22:32'),(5,'','1972-01-20','Maggiochester','14','2012-09-25 01:28:38','2003-12-05 16:34:24'),(6,'','1981-10-16','Lake Jerald','272','2015-02-27 16:21:38','1971-08-01 19:56:57'),(7,'','1986-07-11','Johannburgh','441','1990-01-29 17:52:55','1984-06-11 13:30:12'),(8,'','1971-05-09','Johnsonbury','85','1977-05-10 19:59:02','2011-04-26 03:38:08'),(9,'','2019-10-26','Paucekberg','129','2013-03-03 00:47:17','2002-10-27 08:28:22'),(10,'','1972-02-04','Jailynton','226','2012-05-24 15:33:16','2005-02-10 23:29:54'),(11,'','2019-06-23','New Florence','67','1996-09-29 02:18:52','1992-12-01 04:29:16'),(12,'','2007-09-15','Auermouth','2299650','2014-05-05 00:16:02','2006-07-17 14:20:29'),(13,'','1996-04-26','West Rosamondmouth','','1984-11-29 15:25:26','1984-12-10 16:53:41'),(14,'','1979-04-08','East Lazaroview','5','1983-11-15 04:04:23','2004-03-14 14:46:20'),(15,'','2019-05-02','Reichelview','7592185','2020-08-07 07:05:15','1994-04-10 07:17:45'),(16,'','1988-04-09','Predovicstad','782351064','1990-11-30 12:46:59','1990-07-29 03:38:45'),(17,'','1973-08-13','Blockchester','5946','2002-05-02 23:47:30','1976-10-31 12:15:29'),(18,'','1983-05-18','Lake Aurelie','2259938','2019-08-09 21:24:53','1991-06-14 22:17:42'),(19,'','1995-10-19','Lake Ransomland','9348265','1981-03-01 19:26:45','1979-01-19 21:41:32'),(20,'','2006-10-07','Jermaineland','9408980','1977-06-30 11:10:12','1987-08-08 00:29:37'),(21,'','1984-08-23','New German','3','2016-10-20 05:35:25','1981-03-23 15:49:53'),(22,'','2010-01-26','West Raymundo','8872169','2018-08-24 20:46:41','1997-08-12 20:46:52'),(23,'','1981-07-14','Corkerymouth','165','1978-11-22 14:08:26','1974-05-12 23:20:52'),(24,'','2013-10-26','Purdymouth','703732','1980-03-30 10:05:42','2019-02-07 18:20:49'),(25,'','1971-11-01','Amanimouth','48148','2007-09-27 23:54:55','1972-11-06 16:22:18'),(26,'','1987-01-24','Hollytown','5','2017-12-31 22:13:44','2007-04-14 09:34:59'),(27,'','1999-07-01','Gerlachhaven','765','1997-04-20 08:49:18','2011-11-04 23:15:40'),(28,'','1970-07-28','Port Marianashire','966395162','2014-02-23 06:12:04','1972-12-16 15:05:14'),(29,'','2010-04-09','Calitown','66','1986-09-19 01:53:00','1971-04-17 22:58:58'),(30,'','1991-02-01','New Fannieshire','296509244','2011-06-28 21:19:35','2015-03-17 08:12:23'),(31,'','1977-11-26','Lake Mekhimouth','15123864','1983-02-26 06:34:55','1996-06-25 13:46:34'),(32,'','1994-02-16','Margrettown','86687','1982-10-08 15:19:28','2003-06-07 18:18:44'),(33,'','1987-11-17','Brettbury','66163568','1979-12-20 02:16:37','1990-07-04 06:22:26'),(34,'','2001-07-30','Serenaview','','1993-05-14 13:45:00','2007-02-02 15:51:15'),(35,'','2002-10-06','Toymouth','63736691','1992-05-11 11:08:50','1981-03-18 16:47:33'),(36,'','2013-12-01','Carterville','7','1979-05-24 03:09:05','2001-08-23 02:22:24'),(37,'','2013-02-19','West Reid','6','2001-12-31 07:15:39','1984-02-24 13:16:44'),(38,'','1996-12-05','Sylvestermouth','6','2010-05-24 04:51:34','1983-10-13 05:46:22'),(39,'','2012-03-27','Lake Deonte','19674','1992-11-06 03:37:23','2008-07-16 07:54:51'),(40,'','2018-05-30','Hilmaside','2','1991-05-13 12:54:50','2020-02-07 02:55:27'),(41,'','2007-05-07','South Rahulstad','58730','1977-06-27 17:50:44','1972-11-15 17:39:43'),(42,'','2000-06-29','Elzatown','16353308','2020-11-22 03:58:10','1970-03-06 00:53:08'),(43,'','1983-08-24','South Rossfort','676222','2011-05-07 00:55:07','1994-02-08 05:01:41'),(44,'','1986-11-14','New Naomieland','514489','1971-05-19 10:17:09','2010-01-30 07:05:12'),(45,'','1985-08-03','Brownport','267','1985-08-15 21:34:14','2003-08-11 14:55:39'),(46,'','2002-02-06','Geneborough','508','2016-07-25 05:52:04','2010-09-16 11:19:44'),(47,'','1987-02-24','Kshlerinside','229301','1998-09-28 10:03:31','1985-11-08 02:11:44'),(48,'','2017-01-11','East Kaci','195','1980-06-04 05:25:39','1996-10-15 13:05:21'),(49,'','1978-11-15','South Raleigh','568849128','2015-08-04 03:39:24','1970-12-24 20:58:10'),(50,'','1978-03-29','Nikkifort','823272516','1970-11-21 17:31:08','1993-02-01 20:48:02'),(51,'','1992-01-17','Billyhaven','','2012-07-09 03:14:36','1978-04-30 14:23:49'),(52,'','2011-09-18','Olsonburgh','648890186','1994-12-26 10:04:47','1971-12-23 03:17:30'),(53,'','1991-10-16','Armstrongbury','694277215','2002-06-27 16:24:56','1995-12-24 09:33:58'),(54,'','2019-10-21','New Alenamouth','6451','1972-02-17 09:58:12','1994-02-23 18:45:40'),(55,'','2002-11-21','Littelburgh','181','1984-06-28 23:50:22','2015-02-09 03:09:59'),(56,'','2010-12-10','Lake Blair','534815305','2009-09-25 16:11:11','2001-01-06 23:29:50'),(57,'','2019-10-11','Delltown','77267','1986-07-16 15:03:09','1979-06-19 04:44:33'),(58,'','2009-08-11','East Derrick','','1973-12-03 00:55:49','1995-04-27 15:12:52'),(59,'','2008-11-09','Brianafurt','17302826','2019-08-14 12:48:46','2007-03-21 23:24:03'),(60,'','1973-04-27','East Jamilside','3432','1971-07-31 00:18:40','1982-11-13 10:08:00'),(61,'','1994-11-08','Leannonside','78','2013-06-21 05:40:10','1980-10-11 05:30:05'),(62,'','1987-11-06','New Judah','','2003-04-15 02:57:17','2014-05-12 06:50:41'),(63,'','2017-09-19','North Kelsie','7','1981-08-28 19:14:03','1996-10-06 06:52:14'),(64,'','1994-03-14','South Fannie','5','2008-12-02 16:01:09','2011-02-08 10:13:42'),(65,'','2006-10-26','DuBuqueton','9166441','1986-11-25 05:09:47','1971-07-01 16:12:44'),(66,'','1992-12-07','East Tracey','868','2001-06-02 19:21:22','2001-05-03 23:33:57'),(67,'','2018-07-04','West Andrew','69','1993-11-23 00:45:04','1984-01-31 21:49:30'),(68,'','1984-07-12','Darefort','73742294','2012-08-24 09:07:08','1988-12-12 12:47:26'),(69,'','2005-01-17','South Isabel','126093','2001-05-10 13:50:06','2017-05-09 04:24:30'),(70,'','1993-08-07','South Beulah','127','1990-06-07 00:31:43','1985-01-15 15:25:34'),(71,'','2008-10-27','West Raphael','965922','2005-09-27 23:34:28','2002-08-19 12:06:11'),(72,'','1983-05-09','Darebury','9325434','1981-10-14 23:04:57','2002-11-13 07:30:03'),(73,'','2017-07-28','Dewayneton','29958614','1981-11-01 23:57:52','2017-11-29 15:16:26'),(74,'','1981-09-11','Enidmouth','','1986-12-22 18:19:09','1998-02-25 09:21:28'),(75,'','2015-05-27','Lake Fabiola','2443644','2013-12-31 09:52:11','1975-10-09 11:29:00'),(76,'','1975-03-17','South Rettaburgh','88','1998-04-23 05:21:04','1993-05-19 11:40:24'),(77,'','1983-01-15','West Lulumouth','56608746','2012-04-05 23:05:29','2017-02-05 07:20:41'),(78,'','2012-10-03','Malachiburgh','3468','1985-07-14 14:43:06','1976-09-07 15:33:11'),(79,'','2020-07-25','Junemouth','9981','2008-06-25 03:11:17','2001-07-31 14:40:49'),(80,'','2016-10-05','New Marvin','11251','1996-03-16 15:03:32','1973-12-06 21:42:31'),(81,'','2012-11-10','New Everetteshire','49210575','1987-02-25 04:03:00','1982-11-01 17:03:05'),(82,'','1995-08-03','North Lexusbury','608496','1992-04-12 20:19:21','1996-11-20 16:48:59'),(83,'','1970-12-22','New Eulalia','8','2002-01-10 17:19:19','1972-07-04 06:33:11'),(84,'','2016-07-28','New Maryjanefort','49387675','1984-06-07 14:30:04','1981-12-02 18:08:30'),(85,'','2017-02-27','Lake Bernita','','2010-03-11 13:27:23','1978-04-15 16:58:49'),(86,'','1986-03-19','North Kileyhaven','3','2015-10-09 14:33:51','1990-11-07 04:53:52'),(87,'','1987-07-05','New Marcusside','616378','1971-10-11 06:21:22','2011-07-14 22:58:17'),(88,'','1977-11-03','East Vanceburgh','595','1994-05-30 22:38:47','1984-06-30 09:03:11'),(89,'','2020-12-05','East Lennieview','4892','2019-11-19 04:47:16','1975-04-11 06:38:38'),(90,'','1993-04-30','North Darrion','7300','2007-01-25 13:14:22','1991-02-23 20:47:52'),(91,'','1975-07-03','Hectorborough','1448644','2013-10-18 22:57:34','1994-07-12 19:58:39'),(92,'','2013-03-05','New Amos','733','2019-12-12 23:29:04','1982-02-11 08:09:09'),(93,'','1973-04-08','Lake Christy','743','2002-03-12 09:08:19','1996-09-02 02:54:41'),(94,'','1981-01-15','Hamillchester','8464','1988-07-17 18:00:34','2018-10-04 11:23:49'),(95,'','1977-08-03','East Dwightfort','99722579','1981-05-06 11:02:58','1994-04-26 16:31:54'),(96,'','1976-08-21','Luettgenshire','866','1981-03-07 18:04:39','2018-05-26 02:00:49'),(97,'','1985-08-30','Lake Pascale','14100','1977-04-17 03:04:50','1976-03-17 17:17:12'),(98,'','1978-12-25','Gisselleburgh','3','2009-07-30 05:12:21','2015-10-08 04:33:21'),(99,'','2004-01-24','East Maiaview','6659424','1992-01-13 10:25:12','2006-02-09 02:12:25'),(100,'','1997-11-08','Janiechester','355124711','2019-04-30 04:41:45','2002-03-07 02:47:49');
/*!40000 ALTER TABLE `profiles` ENABLE KEYS */;
UNLOCK TABLES;

--
-- Table structure for table `user_likes`
--

DROP TABLE IF EXISTS `user_likes`;
/*!40101 SET @saved_cs_client     = @@character_set_client */;
/*!50503 SET character_set_client = utf8mb4 */;
CREATE TABLE `user_likes` (
  `id` int unsigned NOT NULL AUTO_INCREMENT COMMENT 'Идентификатор строки',
  `from_user_id` int unsigned NOT NULL COMMENT 'Ссылка на пользователя, который поставил лайк',
  `message_id` int unsigned NOT NULL COMMENT 'Ссылка на сообщение, которому поставили лайк',
  `created_at` datetime DEFAULT CURRENT_TIMESTAMP COMMENT 'Время проставления лайка',
  PRIMARY KEY (`id`)
) ENGINE=InnoDB AUTO_INCREMENT=101 DEFAULT CHARSET=utf8mb4 COLLATE=utf8mb4_0900_ai_ci COMMENT='Лайки пользователей';
/*!40101 SET character_set_client = @saved_cs_client */;

--
-- Dumping data for table `user_likes`
--

LOCK TABLES `user_likes` WRITE;
/*!40000 ALTER TABLE `user_likes` DISABLE KEYS */;
INSERT INTO `user_likes` VALUES (1,1,1,'2012-08-25 15:29:20'),(2,2,2,'1976-03-14 20:25:39'),(3,3,3,'1998-07-16 06:19:35'),(4,4,4,'2017-08-05 16:19:15'),(5,5,5,'2009-03-08 20:32:51'),(6,6,6,'1972-09-14 08:15:11'),(7,7,7,'1973-04-06 06:25:04'),(8,8,8,'1974-05-03 15:55:44'),(9,9,9,'2019-10-07 15:26:19'),(10,10,10,'2009-10-10 12:30:35'),(11,11,11,'1982-12-14 04:59:56'),(12,12,12,'1995-06-02 02:29:25'),(13,13,13,'2003-02-15 02:39:10'),(14,14,14,'2017-12-26 00:55:37'),(15,15,15,'2003-08-07 04:15:03'),(16,16,16,'2019-06-03 00:24:54'),(17,17,17,'1991-02-12 10:17:00'),(18,18,18,'2016-10-25 07:37:56'),(19,19,19,'1983-08-19 14:10:20'),(20,20,20,'1979-02-06 13:37:03'),(21,21,21,'2006-09-15 00:27:44'),(22,22,22,'2019-11-17 19:53:18'),(23,23,23,'1981-07-11 15:12:03'),(24,24,24,'2019-10-06 02:24:13'),(25,25,25,'1992-03-02 02:39:18'),(26,26,26,'1988-05-09 01:25:27'),(27,27,27,'1998-07-24 14:30:29'),(28,28,28,'1974-02-28 21:38:25'),(29,29,29,'2005-10-27 11:23:21'),(30,30,30,'1986-06-15 23:22:09'),(31,31,31,'1979-05-06 01:31:02'),(32,32,32,'1978-11-18 07:10:56'),(33,33,33,'2006-01-29 04:26:58'),(34,34,34,'2021-02-06 12:53:43'),(35,35,35,'1992-08-20 00:59:39'),(36,36,36,'2019-12-14 07:29:42'),(37,37,37,'1991-05-21 12:33:47'),(38,38,38,'1990-11-16 17:20:59'),(39,39,39,'1983-11-20 09:26:13'),(40,40,40,'1993-09-04 15:55:07'),(41,41,41,'1984-09-17 20:06:02'),(42,42,42,'2006-07-21 00:46:43'),(43,43,43,'1995-05-09 05:58:05'),(44,44,44,'2012-06-27 15:32:28'),(45,45,45,'1998-05-09 12:56:54'),(46,46,46,'2012-12-07 08:47:33'),(47,47,47,'1974-03-04 22:08:19'),(48,48,48,'1979-01-02 05:11:41'),(49,49,49,'2011-08-04 14:42:44'),(50,50,50,'2020-12-18 14:37:22'),(51,51,51,'2002-03-14 13:30:55'),(52,52,52,'1999-03-07 00:17:40'),(53,53,53,'1997-01-24 15:02:54'),(54,54,54,'2004-06-26 00:47:45'),(55,55,55,'1999-09-01 05:50:11'),(56,56,56,'1999-04-27 11:03:09'),(57,57,57,'2005-07-03 03:54:01'),(58,58,58,'2003-05-11 20:48:01'),(59,59,59,'1985-12-08 12:42:58'),(60,60,60,'2006-04-23 16:02:58'),(61,61,61,'2010-06-03 02:44:29'),(62,62,62,'1985-01-14 04:31:27'),(63,63,63,'1978-09-12 20:34:11'),(64,64,64,'2019-06-13 12:36:04'),(65,65,65,'2008-01-27 19:34:35'),(66,66,66,'1982-11-21 07:08:20'),(67,67,67,'2006-09-12 00:45:24'),(68,68,68,'2004-12-29 15:43:58'),(69,69,69,'1975-07-07 21:57:31'),(70,70,70,'2014-11-24 10:49:42'),(71,71,71,'1975-01-31 20:08:52'),(72,72,72,'1996-12-06 19:24:16'),(73,73,73,'2005-10-13 13:23:02'),(74,74,74,'1993-01-04 12:37:46'),(75,75,75,'1980-04-22 06:02:25'),(76,76,76,'1995-09-15 00:26:46'),(77,77,77,'2019-05-28 08:29:22'),(78,78,78,'2009-02-16 11:49:15'),(79,79,79,'1982-05-02 23:39:10'),(80,80,80,'2016-11-25 16:44:42'),(81,81,81,'1983-11-16 04:21:35'),(82,82,82,'1972-02-16 03:01:25'),(83,83,83,'1984-05-12 06:21:41'),(84,84,84,'1998-06-04 06:23:47'),(85,85,85,'1999-12-21 01:00:47'),(86,86,86,'1972-11-17 03:46:51'),(87,87,87,'1973-04-17 16:43:31'),(88,88,88,'1975-11-28 09:51:51'),(89,89,89,'1983-04-13 06:28:50'),(90,90,90,'1973-02-01 01:28:20'),(91,91,91,'2020-09-26 09:55:38'),(92,92,92,'1987-05-08 22:01:11'),(93,93,93,'1975-09-27 03:11:17'),(94,94,94,'1990-01-06 07:50:22'),(95,95,95,'1979-03-04 01:44:18'),(96,96,96,'1996-11-17 05:40:16'),(97,97,97,'1987-07-15 20:27:40'),(98,98,98,'1976-07-24 14:30:11'),(99,99,99,'1971-12-07 03:48:02'),(100,100,100,'1984-03-15 11:52:13');
/*!40000 ALTER TABLE `user_likes` ENABLE KEYS */;
UNLOCK TABLES;

--
-- Table structure for table `users`
--

DROP TABLE IF EXISTS `users`;
/*!40101 SET @saved_cs_client     = @@character_set_client */;
/*!50503 SET character_set_client = utf8mb4 */;
CREATE TABLE `users` (
  `id` int unsigned NOT NULL AUTO_INCREMENT,
  `first_name` varchar(100) CHARACTER SET utf8mb4 COLLATE utf8mb4_unicode_ci NOT NULL,
  `last_name` varchar(100) CHARACTER SET utf8mb4 COLLATE utf8mb4_unicode_ci NOT NULL,
  `email` varchar(100) CHARACTER SET utf8mb4 COLLATE utf8mb4_unicode_ci NOT NULL,
  `phone` varchar(100) CHARACTER SET utf8mb4 COLLATE utf8mb4_unicode_ci NOT NULL,
  `created_at` datetime DEFAULT CURRENT_TIMESTAMP,
  `updated_at` datetime DEFAULT CURRENT_TIMESTAMP ON UPDATE CURRENT_TIMESTAMP,
  PRIMARY KEY (`id`),
  UNIQUE KEY `email` (`email`),
  UNIQUE KEY `phone` (`phone`)
) ENGINE=InnoDB AUTO_INCREMENT=101 DEFAULT CHARSET=utf8mb4 COLLATE=utf8mb4_unicode_ci;
/*!40101 SET character_set_client = @saved_cs_client */;

--
-- Dumping data for table `users`
--

LOCK TABLES `users` WRITE;
/*!40000 ALTER TABLE `users` DISABLE KEYS */;
INSERT INTO `users` VALUES (1,'Aiyana','Johnston','hsenger@example.net','21010234214','1984-06-22 17:39:54','1978-04-15 13:25:10'),(2,'Kiel','Moen','pollich.taylor@example.org','48882859450','1991-06-26 18:04:39','1988-05-08 06:30:22'),(3,'Lue','Brown','ines.macejkovic@example.com','35651590943','2013-02-09 23:16:11','2008-03-21 20:46:48'),(4,'Amaya','Doyle','powlowski.paul@example.com','48522563580','2015-10-18 21:33:28','2001-02-02 10:40:54'),(5,'Anahi','Rempel','clair.schmitt@example.net','99027158312','1994-02-06 09:56:49','1979-09-12 21:24:09'),(6,'Dorian','Doyle','schulist.alisa@example.net','79664425105','1986-11-12 16:32:14','1981-07-21 21:56:37'),(7,'Eldridge','Will','mante.janice@example.org','01399018662','2003-05-06 04:39:31','2002-02-24 13:08:54'),(8,'Vinnie','Hahn','ford.wiegand@example.org','44409065758','2020-05-06 11:55:52','1993-06-04 19:05:05'),(9,'Odell','Larkin','tdibbert@example.com','67879920476','1984-03-29 19:34:38','1996-03-02 18:36:49'),(10,'Kavon','Kerluke','rfeil@example.net','24696608527','1990-07-02 03:59:07','1995-12-21 11:22:44'),(11,'Donavon','Powlowski','kiel.white@example.com','95615692409','1973-01-03 18:48:55','1985-03-03 05:30:55'),(12,'Althea','Gottlieb','providenci.casper@example.org','55010236874','1993-10-10 14:30:20','1970-08-10 09:02:41'),(13,'Brendon','Metz','heidenreich.destiny@example.com','54427548106','1995-06-02 01:03:09','2002-06-28 03:37:45'),(14,'Rodger','Conroy','tressie.metz@example.net','42409740830','2019-11-14 07:50:55','2012-04-04 10:12:47'),(15,'Hermann','Leannon','farrell.frieda@example.net','96430722142','1976-07-22 16:29:31','1989-11-25 22:36:03'),(16,'Alec','Pouros','vandervort.thad@example.org','78532260379','1998-08-29 00:06:36','1973-02-21 05:29:15'),(17,'Monserrate','Beier','furman31@example.com','81322659884','1988-05-15 03:46:05','1977-07-18 12:30:40'),(18,'Garrett','Wilkinson','reynolds.shana@example.org','61046552375','2019-12-20 07:24:36','2019-11-28 12:47:39'),(19,'Elvera','Bogisich','haley.kale@example.org','87923465798','1998-10-27 18:20:10','1986-10-09 07:55:16'),(20,'Maggie','Dare','trantow.lesly@example.org','94233776445','1992-06-21 13:54:46','2004-12-03 18:32:50'),(21,'Wilber','Hilpert','schaefer.consuelo@example.org','00548039054','1979-02-18 00:00:39','1973-09-30 03:03:10'),(22,'Tomasa','Reynolds','lesch.kelsie@example.net','94666829344','1994-07-14 09:30:58','2012-12-03 11:12:55'),(23,'Dorthy','Nicolas','marquardt.jermaine@example.com','15830166053','1975-08-30 10:41:21','1989-12-25 14:33:59'),(24,'Holly','Sipes','kreiger.antwan@example.com','14240896533','1985-09-09 06:02:25','2016-08-05 00:44:57'),(25,'Desiree','Hayes','yglover@example.com','75113929436','2015-12-29 02:12:10','2011-01-14 07:55:43'),(26,'Jake','Quigley','bethel.bogan@example.org','48593435711','2020-09-02 03:09:38','1970-04-08 15:03:41'),(27,'Verner','Cruickshank','ardella.blanda@example.com','78410357311','1974-08-12 05:29:35','1992-01-06 18:51:17'),(28,'Shawn','Kling','deshaun26@example.org','94108214876','1974-02-05 18:46:04','1997-08-25 06:27:18'),(29,'Stewart','Barton','schumm.caterina@example.org','26884402359','1992-06-16 14:35:06','1974-07-23 01:59:37'),(30,'Noemi','Heathcote','jayne.dicki@example.net','87897567679','2010-07-29 13:36:24','1989-07-10 21:36:26'),(31,'Demetris','Bosco','bfriesen@example.net','26134526648','1989-03-31 13:50:08','2016-05-10 01:05:31'),(32,'Katharina','Altenwerth','alexandra25@example.net','84867134946','2018-10-11 12:19:24','1988-08-06 09:45:49'),(33,'June','Predovic','turcotte.amelia@example.net','73282623782','1979-01-09 08:26:13','2020-02-03 23:18:36'),(34,'Lazaro','Feil','belle85@example.com','85427365775','2006-12-27 21:53:53','2017-12-18 13:03:06'),(35,'Paige','Hirthe','kohler.suzanne@example.org','78550616166','1992-07-12 02:57:17','2009-04-10 13:40:48'),(36,'Alivia','Dickens','conroy.samantha@example.com','41483802168','1980-06-19 11:39:32','1995-04-26 13:01:17'),(37,'Haven','Wehner','pansy.borer@example.com','29305157913','2006-05-20 05:58:50','1986-09-18 00:03:46'),(38,'Davin','Spinka','evan.wyman@example.com','92123049992','2002-07-16 21:09:35','1987-01-30 08:01:45'),(39,'Lane','Kiehn','iwalsh@example.net','86368526028','1974-02-27 09:37:40','1990-03-31 20:04:29'),(40,'Hillard','Turcotte','jillian22@example.org','96287175311','2009-05-21 23:29:32','1975-11-30 05:32:15'),(41,'Marian','Pfannerstill','bergstrom.kaela@example.com','05077773477','2009-11-30 01:54:46','1989-02-24 01:53:12'),(42,'Corrine','Hermiston','seth89@example.net','97679181516','1980-09-15 18:07:33','1974-12-24 18:06:34'),(43,'Ella','Funk','boyer.precious@example.net','30361241833','1994-04-19 10:25:29','1980-06-24 04:07:58'),(44,'Isabell','Bergstrom','tomas89@example.org','89741942600','1987-04-23 02:45:08','1976-06-13 13:29:58'),(45,'Curtis','Crona','cortney.mclaughlin@example.com','46629227955','2002-03-15 03:48:53','2007-11-21 03:14:04'),(46,'Eladio','Jacobs','o\'reilly.albina@example.net','98437963898','1994-03-15 22:26:47','2013-05-15 15:58:55'),(47,'Vicky','Mitchell','vheathcote@example.com','81432333014','1983-10-04 23:34:33','1970-08-18 22:53:42'),(48,'Gaetano','Heller','vonrueden.bruce@example.com','50266552316','1987-11-08 18:26:57','1972-10-07 08:53:34'),(49,'Ola','Willms','zoie81@example.net','95867144099','1988-11-29 01:39:27','2018-08-23 15:27:05'),(50,'Sophia','Wyman','carter.estevan@example.net','56311891820','1996-11-28 01:57:20','1986-02-20 16:09:17'),(51,'Fae','Gerlach','mhahn@example.org','58155706046','2009-05-08 11:06:46','2006-12-31 03:40:09'),(52,'Ramona','Kohler','eusebio06@example.com','50524379331','1997-03-06 05:52:22','2014-03-11 02:00:06'),(53,'Walton','Reichel','macejkovic.godfrey@example.com','46097241985','2020-03-09 15:49:58','1983-08-02 09:27:38'),(54,'Theo','O\'Reilly','koch.jessika@example.net','55309593555','2009-11-04 16:41:43','1989-12-06 15:41:08'),(55,'Adella','Corkery','maryse40@example.com','75280730122','2016-07-19 00:31:12','1991-04-15 06:35:43'),(56,'Krista','Harber','qhermann@example.net','62538384202','2002-08-05 05:48:15','2019-03-08 13:34:01'),(57,'Lydia','Rolfson','bogisich.frederique@example.com','73398912512','1991-09-15 17:34:53','1986-08-08 13:01:44'),(58,'Elyse','Will','kling.art@example.com','11897978152','2010-02-06 05:22:34','2004-01-22 19:58:38'),(59,'Carleton','Davis','spencer.sasha@example.net','15945289974','1991-06-10 07:44:38','2006-01-08 13:08:41'),(60,'Aiden','Deckow','vrogahn@example.com','53810645655','2001-08-02 23:30:27','1996-02-14 15:05:40'),(61,'Arvid','Lockman','titus68@example.com','20269371612','1983-06-01 05:47:26','1986-11-07 02:01:32'),(62,'Gaetano','Gulgowski','milan56@example.com','07259557122','2020-02-10 00:39:46','2009-11-22 07:32:05'),(63,'Nona','Mante','josefina39@example.net','29713897262','2011-05-31 19:07:02','1988-04-29 06:58:56'),(64,'Bernhard','Heaney','berry.hamill@example.net','74827214051','1985-09-22 11:17:47','1990-03-06 01:46:17'),(65,'Jany','Parisian','byundt@example.com','23960588702','1980-06-05 05:25:14','1985-12-13 03:22:00'),(66,'Rick','Zemlak','liliane.greenholt@example.net','48835927717','1985-02-22 08:08:00','1998-12-28 06:13:04'),(67,'Freda','Medhurst','fkassulke@example.com','42346594188','2018-06-29 21:19:38','1977-02-23 14:16:08'),(68,'Declan','Schmitt','zachary29@example.com','78019590258','1980-04-25 20:23:01','2012-03-24 02:22:11'),(69,'Carleton','Jakubowski','hyatt.alda@example.org','36691364906','2005-09-16 03:57:52','1982-12-26 22:01:40'),(70,'Robert','Labadie','eliane.gulgowski@example.org','00139638833','2006-08-04 15:43:11','2004-04-24 16:57:48'),(71,'Damion','Balistreri','wilkinson.betsy@example.com','25520824639','1977-10-30 13:06:28','1989-12-17 08:31:53'),(72,'Alanis','Roberts','tgorczany@example.net','97296161168','1970-10-25 06:52:49','1995-10-14 19:12:04'),(73,'Fabian','Wisozk','kirlin.furman@example.org','12566631339','1977-09-30 13:40:33','1993-12-25 00:43:09'),(74,'Kaley','Schaden','stiedemann.maybell@example.org','78780658176','1971-10-29 05:31:46','1972-07-19 15:18:43'),(75,'Arno','Kuvalis','nicolas.kihn@example.org','07123713113','1990-03-09 21:54:24','2013-03-16 08:15:01'),(76,'Evans','Parisian','sbahringer@example.net','84512567305','2002-02-10 15:10:33','2017-07-20 05:16:32'),(77,'Macy','Bogisich','vernie.rath@example.org','51456432574','2004-02-27 14:25:21','2017-09-13 06:04:36'),(78,'Susanna','Bashirian','naomi74@example.org','32201491146','1974-05-13 23:27:20','1995-11-21 02:56:53'),(79,'Maudie','Stamm','ashley.lindgren@example.net','41895525997','1984-01-20 13:44:44','2017-10-16 23:13:40'),(80,'Taya','Klocko','vivianne86@example.org','44826825205','1972-02-18 20:57:22','1994-02-28 12:21:05'),(81,'Kailey','Luettgen','amanda35@example.net','74195648846','2014-11-29 14:51:43','1989-12-06 10:25:28'),(82,'Coy','Powlowski','mohr.anna@example.org','06247997235','1974-05-18 21:31:07','1986-12-10 19:48:37'),(83,'Martine','Reinger','yrosenbaum@example.net','45436456452','2011-06-14 03:04:29','1994-09-27 03:34:40'),(84,'Glennie','Lang','hammes.carmel@example.com','77836238403','2019-03-03 05:38:24','2009-07-24 04:59:15'),(85,'Magdalen','Homenick','brody51@example.org','92517351151','1983-11-03 03:36:27','1976-01-06 19:09:05'),(86,'Dock','Wiza','ethel.stamm@example.net','26021755069','1982-06-28 04:50:19','2012-07-22 19:41:16'),(87,'Reuben','Padberg','marvin64@example.net','32722033351','2005-10-31 13:02:09','1995-10-27 08:17:44'),(88,'Jarrett','Mante','borer.martine@example.com','27822650193','2011-10-25 19:08:54','2019-01-02 03:45:07'),(89,'Alta','Homenick','darrin28@example.net','97899430451','1985-07-02 07:35:44','2005-12-22 21:17:34'),(90,'Eldred','Carroll','hand.hiram@example.net','39739899244','1972-12-21 07:31:03','1982-09-16 04:16:31'),(91,'Ronaldo','Purdy','rosemary60@example.org','40075845369','2017-10-07 18:54:36','1998-11-26 14:53:46'),(92,'Destin','Ernser','bartell.mara@example.net','16136503823','2008-12-29 09:51:48','1999-04-03 04:18:03'),(93,'Augusta','Torp','ashtyn.hahn@example.net','95863860323','1981-12-27 01:08:41','1974-01-09 18:38:37'),(94,'Esta','Prosacco','kreynolds@example.net','15877172069','1986-10-09 21:45:45','2015-09-26 10:44:12'),(95,'Cheyanne','Blick','keagan.treutel@example.com','55613828407','1998-10-13 11:39:55','2010-11-10 16:44:15'),(96,'Allison','Friesen','bessie.ryan@example.org','98435031302','1991-04-22 18:13:28','1992-02-21 22:29:24'),(97,'Keshaun','Cassin','eeichmann@example.com','10932737493','1973-03-30 17:52:08','1972-04-21 08:24:03'),(98,'Oliver','Frami','llegros@example.org','34593094413','2018-09-05 01:39:59','1997-11-19 03:35:42'),(99,'Karine','Kreiger','nickolas.kassulke@example.net','51151459725','2015-10-04 15:54:44','2005-10-21 12:30:30'),(100,'Oscar','Kris','lester47@example.net','46586465531','2017-10-21 17:59:07','1981-07-04 19:10:07');
/*!40000 ALTER TABLE `users` ENABLE KEYS */;
UNLOCK TABLES;
/*!40103 SET TIME_ZONE=@OLD_TIME_ZONE */;

/*!40101 SET SQL_MODE=@OLD_SQL_MODE */;
/*!40014 SET FOREIGN_KEY_CHECKS=@OLD_FOREIGN_KEY_CHECKS */;
/*!40014 SET UNIQUE_CHECKS=@OLD_UNIQUE_CHECKS */;
/*!40101 SET CHARACTER_SET_CLIENT=@OLD_CHARACTER_SET_CLIENT */;
/*!40101 SET CHARACTER_SET_RESULTS=@OLD_CHARACTER_SET_RESULTS */;
/*!40101 SET COLLATION_CONNECTION=@OLD_COLLATION_CONNECTION */;
/*!40111 SET SQL_NOTES=@OLD_SQL_NOTES */;

-- Dump completed on 2021-04-14 22:07:57
